county,facts_stated,pages,fips,rucc,rucc_band,pop2020,platform,mentions_nov3,has_elections_page,unemp,med_income,pct_bach,pct_pov,land_sqmi,density,nov3
anderson,0,2,48001,7,"Nonmetro, has an urban core",57922,ezTask Titanium (TAC),no,yes,3.5,60800,14.536875129999999,20.4,1062.6167805071507,54.508832405559986,0
andrews,0,5,48003,6,"Nonmetro, has an urban core",18610,CivicPlus,no,yes,3,68998,19.947743039999995,11.8,1500.6856718736058,12.400997989649237,0
angelina,1,2,48005,5,"Nonmetro, has an urban core",86395,WordPress,yes,yes,4.4,56825,18.0127608,18.4,797.8649793878784,108.28273233183164,1
aransas,0,5,48007,2,Medium metro (250k-1M),23830,ezTask Titanium (TAC),no,yes,4.9,60523,27.62767453,15.1,252.0686861377136,94.53772447951297,0
archer,0,2,48009,3,Small metro (<250k),8560,ezTask Titanium (TAC),no,yes,3.5,72062,25.1756249,9.6,903.2891625900168,9.476478136254578,0
armstrong,4,2,48011,2,Medium metro (250k-1M),1848,ezTask Titanium (TAC),yes,yes,3.3,67548,21.41194725,9.9,909.1229322284419,2.032728396224901,1
atascosa,1,4,48013,1,Large metro (1M+),48981,WordPress,yes,yes,3.8,59817,15.26655897,16.4,1219.5421642302445,40.16343299693621,1
austin,0,3,48015,1,Large metro (1M+),30167,ezTask Titanium (TAC),no,yes,3.7,68630,23.420248999999995,10.4,646.4955852635169,46.66234493728783,0
bailey,1,2,48017,6,"Nonmetro, has an urban core",6904,Revize,yes,yes,4.7,52751,16.73965937,16.1,826.971822276049,8.348531127697113,1
bandera,0,5,48019,1,Large metro (1M+),20851,ezTask Titanium (TAC),no,yes,3.5,69284,25.483503979999995,11.4,790.9935617426445,26.36051797193265,0
bastrop,3,5,48021,1,Large metro (1M+),97216,ezTask Titanium (TAC),yes,yes,3.4,73403,23.345593729999997,11.5,888.2280355333369,109.44937123227214,1
baylor,0,2,48023,9,"Nonmetro, rural",3465,ezTask Titanium (TAC),no,yes,2.5,49059,28.37022133,17.6,867.480658048272,3.994325369508338,0
bee,0,2,48025,6,"Nonmetro, has an urban core",31047,CivicPlus,no,yes,5.1,48176,11.44917423,27.1,880.2393648826443,35.27108788657647,0
bell,4,5,48027,2,Medium metro (250k-1M),370647,Revize,yes,yes,4.5,62412,27.178031110000003,14.3,1053.8305853458146,351.7140279985062,1
bexar,2,5,48029,1,Large metro (1M+),2009324,CivicPlus,yes,yes,3.7,65839,31.53964555,14.8,1240.3248940011545,1619.9981228451663,1
blanco,4,3,48031,8,"Nonmetro, rural",11374,ezTask Titanium (TAC),yes,yes,2.8,82236,34.3385214,9,709.2517915072591,16.036617934836176,1
borden,0,2,48033,9,"Nonmetro, rural",631,ezTask Titanium (TAC),no,yes,1.8,75186,35.34675615,9.9,897.4427577584516,0.7031089108970612,0
bosque,0,2,48035,2,Medium metro (250k-1M),18235,CivicPlus,no,yes,3.5,61048,20.727895210000003,13.2,982.971260435632,18.550898417842486,0
bowie,0,5,48037,3,Small metro (<250k),92893,CivicPlus,no,yes,4.2,52460,22.07138621,17.8,884.939205763381,104.97105269493298,0
brazoria,0,1,48039,1,Large metro (1M+),372031,Granicus / Vision,no,no,4.4,86197,32.091351890000006,9,1363.270427523314,272.8959658252674,0
brazos,0,5,48041,2,Medium metro (250k-1M),233849,CivicPlus,no,yes,3.1,60355,42.537213040000005,22.6,586.1381884876685,398.9656442678958,0
brewster,0,2,48043,7,"Nonmetro, has an urban core",9546,ezTask Titanium (TAC),no,yes,3.2,52388,45.27064732,13.3,6183.763039746155,1.5437202135080301,0
briscoe,1,2,48045,8,"Nonmetro, rural",1435,ezTask Titanium (TAC),yes,yes,3.8,53208,19.02286902,14.7,900.0006849452294,1.594443230993017,1
brooks,2,2,48047,9,"Nonmetro, rural",7076,ezTask Titanium (TAC),yes,yes,5.5,35359,14.440783099999999,28.6,943.3545291449234,7.500891532702807,1
brown,4,2,48049,5,"Nonmetro, has an urban core",38095,ezTask Titanium (TAC),yes,yes,4.3,53455,19.937029120000002,15.3,944.45231024632,40.335546418499995,1
burleson,0,5,48051,2,Medium metro (250k-1M),17642,ezTask Titanium (TAC),no,yes,3.6,62095,23.103264590000002,14.4,659.0823357100277,26.7675206027094,0
burnet,3,5,48053,6,"Nonmetro, has an urban core",49130,CivicPlus,yes,yes,3.1,74897,28.6951799,9.9,994.8000433098514,49.38680926926481,1
caldwell,3,5,48055,1,Large metro (1M+),45883,ezTask Titanium (TAC),yes,yes,3.5,60833,16.425580509999996,12.8,544.541166638792,84.25992892918482,1
calhoun,1,4,48057,6,"Nonmetro, has an urban core",20106,WordPress,yes,yes,3.3,62742,16.896353720000004,14.6,506.9311074945437,39.66219413792121,1
callahan,2,2,48059,3,Small metro (<250k),13708,ezTask Titanium (TAC),yes,yes,3.6,63836,23.87800898,12.1,899.3721754962033,15.241743488936597,1
cameron,1,5,48061,2,Medium metro (250k-1M),421017,WordPress,no,yes,5.4,49583,20.55811391,24.6,891.7194110207711,472.14066980784065,0
camp,0,2,48063,8,"Nonmetro, rural",12464,ezTask Titanium (TAC),no,yes,4.4,52919,19.694983920000006,16.7,195.8473716699804,63.641395305538786,0
carson,3,2,48065,2,Medium metro (250k-1M),5807,ezTask Titanium (TAC),yes,yes,3,71902,25.87027298,9.1,920.2348141281622,6.310345914810448,1
cass,1,2,48067,6,"Nonmetro, has an urban core",28454,ezTask Titanium (TAC),yes,yes,4.7,54276,17.597820700000003,18.2,936.9477340959685,30.368823109919116,1
castro,0,2,48069,9,"Nonmetro, rural",7371,ezTask Titanium (TAC),no,yes,3.1,59958,20.998432949999994,16.2,894.444412333615,8.240869861067143,0
chambers,1,4,48071,1,Large metro (1M+),46571,CivicPlus,yes,yes,5.4,102146,22.966583599999996,10.4,597.0961275957363,77.99581649863065,1
cherokee,1,3,48073,6,"Nonmetro, has an urban core",50412,Other / unknown,yes,yes,4.4,50351,18.45805389,18.1,1052.9548963836748,47.876694598351456,1
childress,1,2,48075,9,"Nonmetro, rural",6664,Other / unknown,no,yes,2.8,49200,11.47840195,21.1,696.5107751015892,9.56769118040999,0
clay,0,3,48077,3,Small metro (<250k),10218,Wix,no,yes,3.7,66085,23.852971850000003,10.7,1088.758610555938,9.385000404068007,0
cochran,0,2,48079,2,Medium metro (250k-1M),2547,ezTask Titanium (TAC),no,yes,4,45766,10.720775289999999,21.3,775.0822570378518,3.2861028321483237,0
coke,2,2,48081,8,"Nonmetro, rural",3285,ezTask Titanium (TAC),yes,yes,3.3,43774,21.09343125,15.1,911.6463465154673,3.603370992003713,1
coleman,0,4,48083,8,"Nonmetro, rural",7684,ezTask Titanium (TAC),no,yes,4.6,45834,17.925354829999996,19.3,1262.9143783984398,6.08433962858546,0
collin,0,4,48085,1,Large metro (1M+),1064465,Other / unknown,no,yes,3.5,113943,54.913394,6.6,841.2671261259188,1265.3115365412168,0
collingsworth,2,2,48087,9,"Nonmetro, rural",2652,ezTask Titanium (TAC),yes,yes,3.6,52093,26.046511629999998,16.9,918.4406672816734,2.887502801731521,1
colorado,1,3,48089,8,"Nonmetro, rural",20557,Wix,yes,yes,3.5,59711,23.999718729999998,12.4,960.2911698308917,21.407048867917958,1
comal,2,3,48091,1,Large metro (1M+),161501,CivicPlus,yes,yes,3.6,92979,42.21406837,5.3,559.5281250152149,288.637858902282,1
comanche,3,4,48093,9,"Nonmetro, rural",13594,CivicPlus,yes,yes,3.6,51559,19.97509598,16.1,937.752925051073,14.496355742382384,1
concho,2,3,48095,8,"Nonmetro, rural",3303,ezTask Titanium (TAC),yes,yes,3.1,51191,13.15990819,14.9,983.755097238651,3.3575429588841246,1
cooke,1,2,48097,6,"Nonmetro, has an urban core",41668,ezTask Titanium (TAC),yes,yes,3.3,66466,23.594489279999998,13,874.8263666739382,47.63002303922366,1
coryell,0,2,48099,2,Medium metro (250k-1M),83093,ezTask Titanium (TAC),no,yes,4.5,63428,18.655540969999997,13.6,1052.2470846400913,78.96719431484192,0
cottle,0,2,48101,9,"Nonmetro, rural",1380,ezTask Titanium (TAC),no,yes,2.6,45351,21.794871790000006,18.8,900.5634902316212,1.5323739136316414,0
crane,3,3,48103,8,"Nonmetro, rural",4675,ezTask Titanium (TAC),yes,yes,4.5,67889,14.34482759,11.3,785.0691202593977,5.954889677045654,1
crockett,0,2,48105,8,"Nonmetro, rural",3098,ezTask Titanium (TAC),no,yes,3.3,71851,11.000452690000001,14.6,2807.3237220382453,1.1035421300649682,0
crosby,0,2,48107,2,Medium metro (250k-1M),5133,ezTask Titanium (TAC),no,yes,4.2,46457,14.134061269999998,23.2,900.1985124943296,5.7020756297154325,0
culberson,0,4,48109,9,"Nonmetro, rural",2188,ezTask Titanium (TAC),no,yes,3.2,52160,16.303671440000002,19.6,3812.1563249184182,0.573953377960392,0
dallam,0,2,48111,7,"Nonmetro, has an urban core",7115,Other / unknown,no,yes,2.6,61636,15.718835299999999,10.5,1503.1324155383866,4.73344858140896,0
dallas,2,5,48113,1,Large metro (1M+),2613539,Other / unknown,yes,yes,3.8,70871,34.84724558999999,14.4,873.1998588209735,2993.059347866703,1
dawson,1,4,48115,6,"Nonmetro, has an urban core",12456,ezTask Titanium (TAC),yes,yes,4.2,48801,14.4705736,21.3,900.305894454473,13.835297621312952,1
deaf_smith,0,2,48117,6,"Nonmetro, has an urban core",18583,ezTask Titanium (TAC),no,yes,3.1,55565,11.82096759,17.3,1496.8217634018406,12.414971811851697,0
delta,0,4,48119,8,"Nonmetro, rural",5230,Drupal,no,yes,4.5,54587,19.53624733,15.8,256.8323466164484,20.363478622926127,0
denton,3,5,48121,1,Large metro (1M+),906422,CivicPlus,yes,yes,3.5,102711,48.39235703000001,7.4,878.6981543324537,1031.5510457497298,1
dewitt,3,3,48123,6,"Nonmetro, has an urban core",19824,ezTask Titanium (TAC),yes,yes,3.3,55525,15.748373099999995,17.1,908.976360126997,21.80914803684257,1
dickens,2,2,48125,8,"Nonmetro, rural",1770,ezTask Titanium (TAC),yes,yes,5.1,47074,19.111483650000004,20.7,901.7240916986295,1.9629064103918408,1
dimmit,1,2,48127,7,"Nonmetro, has an urban core",8615,Revize,yes,yes,3.2,44312,11.04448743,25.7,1328.8848275832434,6.482879344530964,1
donley,0,2,48129,8,"Nonmetro, rural",3258,ezTask Titanium (TAC),no,yes,3.9,44866,16.146540029999997,16.9,927.0367681340438,3.514423712187555,0
duval,0,2,48131,9,"Nonmetro, rural",9831,ezTask Titanium (TAC),no,yes,4.4,40539,6.970345460000001,30,1793.4772171598888,5.481530462688651,0
eastland,3,2,48133,8,"Nonmetro, rural",17725,CivicPlus,yes,yes,4.6,53351,22.214010020000003,18.5,926.5080336604326,19.130972809779493,1
ector,0,2,48135,3,Small metro (<250k),165171,CivicPlus,no,yes,3.3,64868,16.6474625,16.6,897.8838590112292,183.9558628238291,0
edwards,0,4,48137,9,"Nonmetro, rural",1422,ezTask Titanium (TAC),no,yes,2.5,50752,25.92190889,20.1,2117.8719696902394,0.6714286889627148,0
el_paso,3,5,48141,2,Medium metro (250k-1M),865657,CivicPlus,yes,yes,4.4,53441,25.3611906,20.1,1013.4906727428954,854.1341556278948,1
ellis,0,5,48139,1,Large metro (1M+),192455,CivicPlus,no,yes,3.7,89314,28.60132225,8.8,935.7042758779306,205.67929949815377,0
erath,3,4,48143,5,"Nonmetro, has an urban core",42545,CivicPlus,yes,yes,3.5,60093,32.49512671000001,17.9,1083.178606561248,39.277917549596935,1
falls,0,2,48145,2,Medium metro (250k-1M),16968,ezTask Titanium (TAC),no,yes,4.1,47534,14.954347290000001,20.3,765.495060129832,22.16604767785456,0
fannin,3,2,48147,6,"Nonmetro, has an urban core",35662,ezTask Titanium (TAC),yes,yes,3.4,60959,20.166279969999998,14.3,890.8346119781994,40.03212214757628,1
fayette,1,3,48149,6,"Nonmetro, has an urban core",24435,ezTask Titanium (TAC),yes,yes,3.4,70476,27.157024790000005,11,949.9336662977963,25.722848728197228,1
fisher,0,2,48151,8,"Nonmetro, rural",3672,ezTask Titanium (TAC),no,yes,3.3,57867,18.22515585,15.3,898.9508847590811,4.084761539540724,0
floyd,1,2,48153,8,"Nonmetro, rural",5402,ezTask Titanium (TAC),yes,yes,4.3,45784,16.71316964,18.2,992.1425017661568,5.444782367838955,1
foard,1,2,48155,9,"Nonmetro, rural",1095,ezTask Titanium (TAC),yes,yes,3.3,47657,14.475627770000001,17.4,704.3965275191939,1.5545221437369487,1
fort_bend,0,5,48157,1,Large metro (1M+),822779,Drupal,no,yes,4,105583,49.29183763,7.2,861.7729824250043,954.7514447305178,0
franklin,4,4,48159,9,"Nonmetro, rural",10359,ezTask Titanium (TAC),yes,yes,3.8,56623,29.311969840000003,14.8,284.3912414717611,36.42517240119931,1
freestone,1,2,48161,9,"Nonmetro, rural",19435,ezTask Titanium (TAC),yes,yes,5.1,56372,15.88724717,15.8,877.7306186166237,22.142328850998922,1
frio,4,3,48163,6,"Nonmetro, has an urban core",18385,ezTask Titanium (TAC),yes,yes,3.3,46769,11.39195758,26.7,1133.5007646038962,16.2196626364206,1
gaines,0,2,48165,6,"Nonmetro, has an urban core",21598,ezTask Titanium (TAC),no,yes,2.9,62465,8.054943191,13.8,1502.3630618134382,14.376019052232273,0
galveston,0,5,48167,1,Large metro (1M+),350682,Granicus / Vision,yes,yes,4.3,75947,34.25825866,12.1,379.41104331942284,924.2798968947351,1
garza,0,5,48169,2,Medium metro (250k-1M),5816,ezTask Titanium (TAC),no,yes,3.4,50255,10.6189968,24.8,893.4161145627808,6.509844522836069,0
gillespie,4,3,48171,7,"Nonmetro, has an urban core",26725,CivicPlus,yes,yes,2.6,77013,35.33549784,8.8,1058.2022880406196,25.255095648568613,1
glasscock,0,2,48173,8,"Nonmetro, rural",1116,ezTask Titanium (TAC),no,yes,2.4,96533,39.871794869999995,8.5,900.2176361342447,1.2397002182631944,0
goliad,3,2,48175,3,Small metro (<250k),7012,ezTask Titanium (TAC),yes,yes,3.7,62841,18.980769229999993,14.7,852.011097456351,8.22993975188126,1
gonzales,4,2,48177,6,"Nonmetro, has an urban core",19653,ezTask Titanium (TAC),yes,yes,3.4,57523,12.642263919999998,16.1,1066.6863250580714,18.424347944021942,1
gray,4,4,48179,6,"Nonmetro, has an urban core",21227,ezTask Titanium (TAC),yes,yes,4.1,50648,15.399526170000001,17.7,925.9740111316573,22.923969511906627,1
grayson,2,5,48181,3,Small metro (<250k),135543,ezTask Titanium (TAC),yes,yes,3.7,66141,23.73325999,11.2,932.8322167471264,145.30265739818805,1
gregg,3,5,48183,2,Medium metro (250k-1M),124239,Other / unknown,yes,yes,4.2,60932,22.35810677,16.1,273.38046389718755,454.4545657319668,1
grimes,0,5,48185,6,"Nonmetro, has an urban core",29268,GovOffice,no,yes,4.4,61188,19.460849689999996,16.1,787.4661648543245,37.1673111890647,0
guadalupe,1,5,48187,1,Large metro (1M+),172706,Granicus / Vision,yes,yes,3.4,86043,30.9227787,9.5,711.2518381406778,242.8197591045672,1
hale,0,2,48189,4,"Nonmetro, has an urban core",32522,Revize,no,yes,4.9,49571,15.631884639999999,19.6,1004.6800651142759,32.37050393380785,0
hall,0,2,48191,9,"Nonmetro, rural",2825,ezTask Titanium (TAC),no,yes,4.3,40677,17.81888997,24.1,883.4919381154997,3.1975390811440376,0
hamilton,4,2,48193,8,"Nonmetro, rural",8222,ezTask Titanium (TAC),yes,yes,3.4,59753,24.27715997,14.8,835.9145490440109,9.83593360039378,1
hansford,1,2,48195,9,"Nonmetro, rural",5285,ezTask Titanium (TAC),no,yes,2.6,69064,30.39975209,11.7,919.8098774283562,5.745752605718944,0
hardeman,0,2,48197,9,"Nonmetro, rural",3549,ezTask Titanium (TAC),no,yes,4.8,49539,15.02611491,17.2,695.1141513155441,5.105636237276008,0
hardin,1,2,48199,2,Medium metro (250k-1M),56231,ezTask Titanium (TAC),no,yes,4.9,70432,20.76622806,9.7,890.5761277799843,63.14002615382455,0
harris,1,4,48201,1,Large metro (1M+),4731145,Other / unknown,yes,yes,4.3,68748,33.746549120000005,16.4,1707.0165820182087,2771.5870190354913,1
harrison,0,2,48203,2,Medium metro (250k-1M),68839,ezTask Titanium (TAC),no,yes,4.7,64636,22.501901970000002,15,900.0585794195017,76.48279964666092,0
hartley,1,2,48205,9,"Nonmetro, rural",5382,ezTask Titanium (TAC),yes,yes,2.1,84165,23.075,10.4,1461.950923010222,3.681382128011673,1
haskell,0,2,48207,8,"Nonmetro, rural",5416,ezTask Titanium (TAC),no,yes,3.8,48587,22.498080369999997,20.6,903.1330298269207,5.996901697901515,0
hays,1,5,48209,1,Large metro (1M+),241067,CivicPlus,yes,yes,3.3,89074,41.8774423,12.4,676.8519956641809,356.15910353259125,1
hemphill,4,4,48211,9,"Nonmetro, rural",3382,ezTask Titanium (TAC),yes,yes,3.5,73212,24.445450429999998,10.2,906.2860207493385,3.731713744413362,1
henderson,0,1,48213,4,"Nonmetro, has an urban core",82150,CivicPlus,no,no,4.1,62843,20.212119169999998,15.8,873.7730869351366,94.01754440406368,0
hidalgo,1,5,48215,2,Medium metro (250k-1M),870781,Other / unknown,yes,yes,6.1,48825,20.32666694,28.8,1571.194661198657,554.2158597558404,1
hill,1,2,48217,6,"Nonmetro, has an urban core",35874,ezTask Titanium (TAC),yes,yes,4,57566,18.452404669999996,13.9,958.8577396982722,37.41326634260534,1
hockley,1,2,48219,2,Medium metro (250k-1M),21537,ezTask Titanium (TAC),yes,yes,3.6,56923,18.313253010000004,16.4,908.3918022310921,23.708932585150137,1
hood,3,3,48221,4,"Nonmetro, has an urban core",61598,Revize,yes,yes,3.7,75545,32.406891529999996,10.2,420.73833226979565,146.40453525518254,1
hopkins,2,5,48223,6,"Nonmetro, has an urban core",36787,ezTask Titanium (TAC),yes,yes,3.5,64249,20.028549899999994,14.5,767.4310207547633,47.93525281766723,1
houston,1,2,48225,7,"Nonmetro, has an urban core",22066,ezTask Titanium (TAC),yes,yes,3.2,49741,15.52379784,19.8,1230.9972322614253,17.925304315642745,1
howard,2,4,48227,4,"Nonmetro, has an urban core",34860,CivicPlus,yes,yes,4.3,59598,15.34068444,16.9,900.7914511236888,38.69930154922544,1
hudspeth,0,3,48229,2,Medium metro (250k-1M),3202,ezTask Titanium (TAC),no,yes,3.8,39582,12.385740400000001,24,4570.5167592448915,0.7005772363755672,0
hunt,1,3,48231,1,Large metro (1M+),99956,ezTask Titanium (TAC),yes,yes,4.1,68019,21.893114760000003,13.8,840.4207681864609,118.9356614969124,1
hutchinson,0,2,48233,6,"Nonmetro, has an urban core",20617,ezTask Titanium (TAC),no,yes,4.3,65019,15.95403328,12.6,887.424389372969,23.23240182137369,0
irion,0,2,48235,3,Small metro (<250k),1513,CivicPlus,no,yes,3.3,77768,22.118088100000005,8.8,1051.543821566038,1.4388368501340503,0
jack,2,4,48237,8,"Nonmetro, rural",8472,Drupal,yes,yes,3.6,54132,15.562744760000001,16,910.9716229546707,9.299960379140767,1
jackson,0,3,48239,6,"Nonmetro, has an urban core",14988,ezTask Titanium (TAC),no,yes,3.3,61953,15.855314200000002,13.5,829.4426853565749,18.06996464566651,0
jasper,0,2,48241,6,"Nonmetro, has an urban core",32980,ezTask Titanium (TAC),no,yes,6.3,50763,12.553256910000002,23.8,938.6550268757798,35.13537887265214,0
jeff_davis,0,2,48243,9,"Nonmetro, rural",1996,ezTask Titanium (TAC),no,yes,3.2,58285,30.43478261,21.3,2264.5556619949116,0.8814091141578153,0
jefferson,0,5,48245,2,Medium metro (250k-1M),256526,Other / unknown,no,yes,6.3,55065,19.44985308,19.2,876.734572345199,292.5925452144681,0
jim_hogg,0,2,48247,8,"Nonmetro, rural",4838,ezTask Titanium (TAC),no,yes,4.7,43782,18.95261845,23.2,1136.173064902603,4.258154104731158,0
jim_wells,1,2,48249,6,"Nonmetro, has an urban core",38891,ezTask Titanium (TAC),yes,yes,5.2,48252,15.177270519999999,21.4,865.1759308655668,44.95155102279767,1
johnson,0,5,48251,1,Large metro (1M+),179927,Granicus / Vision,no,yes,3.6,76747,23.54165486,9.8,725.0502462731383,248.15797377471483,0
jones,0,2,48253,3,Small metro (<250k),19663,ezTask Titanium (TAC),no,yes,4.6,51894,11.222349999999999,19.7,928.6053382692943,21.174765198579717,0
karnes,3,2,48255,8,"Nonmetro, rural",14710,ezTask Titanium (TAC),yes,yes,3.1,61860,16.015625,22.1,747.7523435426119,19.67228872905796,1
kaufman,3,5,48257,1,Large metro (1M+),145310,CivicPlus,yes,yes,4.1,92814,25.2972109,8.9,780.6915472673734,186.1298492453561,1
kendall,3,5,48259,1,Large metro (1M+),44279,CivicPlus,yes,yes,3.3,120238,49.11984271,6.8,662.4538569792894,66.84088187199477,1
kenedy,1,5,48261,9,"Nonmetro, rural",350,ezTask Titanium (TAC),no,yes,7.1,43274,10.638297869999999,14.2,1458.5618476063198,0.23996239897155766,0
kent,0,2,48263,9,"Nonmetro, rural",753,ezTask Titanium (TAC),yes,yes,2.1,58118,26.902654869999996,11.5,902.5068578403628,0.8343426905385267,1
kerr,3,3,48265,4,"Nonmetro, has an urban core",52598,Other / unknown,yes,yes,3.5,59619,31.213207060000002,12.4,1103.3323234059171,47.6719469594014,1
kimble,4,2,48267,9,"Nonmetro, rural",4286,ezTask Titanium (TAC),yes,yes,3.4,51851,25.64712883,15.6,1250.9802749635016,3.4261131736270163,1
king,0,1,48269,9,"Nonmetro, rural",265,ezTask Titanium (TAC),no,no,1,87856,36.36363636,11.6,910.87312713570725,0.2909296499209585,0
kinney,0,3,48271,9,"Nonmetro, rural",3129,ezTask Titanium (TAC),no,yes,4.6,52609,19.52175617,19,1360.5333690122616,2.299833338355849,0
kleberg,1,2,48273,4,"Nonmetro, has an urban core",31040,ezTask Titanium (TAC),yes,yes,4.6,51342,23.72529815,24.6,881.3061477722383,35.22045100724961,1
knox,0,2,48275,9,"Nonmetro, rural",3353,ezTask Titanium (TAC),no,yes,3.5,47207,15.597920279999999,17.1,850.6211300715199,3.941825427870668,0
la_salle,2,5,48283,8,"Nonmetro, rural",6664,Joomla,yes,yes,2.6,40555,8.096085409,28.6,1486.7040246760052,4.482398573887142,1
lamar,0,3,48277,5,"Nonmetro, has an urban core",50088,CivicPlus,no,yes,4.3,62620,20.583010569999995,17,907.3310556626456,55.203665395779424,0
lamb,0,2,48279,6,"Nonmetro, has an urban core",13045,ezTask Titanium (TAC),no,yes,4.1,53008,14.25040168,19.1,1016.1813403073886,12.837275673704033,0
lampasas,1,2,48281,2,Medium metro (250k-1M),21627,ezTask Titanium (TAC),yes,yes,3.8,67917,21.639887780000006,12.2,712.5283853137071,30.352474997158485,1
lavaca,1,3,48285,8,"Nonmetro, rural",20337,ezTask Titanium (TAC),no,yes,3.3,58400,20.90181205,12.4,969.7091678926665,20.972267431683214,0
lee,1,4,48287,8,"Nonmetro, rural",17478,ezTask Titanium (TAC),no,yes,3.2,65911,18.700412569999994,12.8,629.0394738530287,27.785219730238474,0
leon,1,2,48289,8,"Nonmetro, rural",15719,ezTask Titanium (TAC),yes,yes,4.7,56749,17.053649959999998,16.3,1073.1562879645808,14.647447139142889,1
liberty,2,5,48291,1,Large metro (1M+),91628,ezTask Titanium (TAC),yes,yes,5.5,61880,11.23758859,15.6,1158.3533717457876,79.10194094044446,1
limestone,4,2,48293,6,"Nonmetro, has an urban core",22146,ezTask Titanium (TAC),yes,yes,4.2,51357,19.12691269,16.8,905.4300948122885,24.459094221505033,1
lipscomb,1,2,48295,9,"Nonmetro, rural",3059,ezTask Titanium (TAC),yes,yes,3.2,70236,25.40453074,13.3,932.2137949891979,3.281436100219313,1
live_oak,0,2,48297,8,"Nonmetro, rural",11335,ezTask Titanium (TAC),no,no,3.8,58576,13.841163039999998,17.7,1039.6946992162061,10.9022389058491,0
llano,4,3,48299,7,"Nonmetro, has an urban core",21243,ezTask Titanium (TAC),yes,yes,3.6,59528,33.058702370000006,12.1,934.065252137393,22.74252248586519,1
loving,3,2,48301,9,"Nonmetro, rural",64,ezTask Titanium (TAC),yes,yes,0.3,94716,0,5.3,668.8177626421614,0.09569123844314228,1
lubbock,3,5,48303,2,Medium metro (250k-1M),310639,Other / unknown,yes,yes,3.3,59138,33.32450514000001,16.1,895.6016929359572,346.8495006766509,1
lynn,1,2,48305,2,Medium metro (250k-1M),5596,ezTask Titanium (TAC),no,yes,3.3,56754,24.29881338,16.8,891.8669696132312,6.274478359061523,0
madison,0,2,48313,8,"Nonmetro, rural",13455,ezTask Titanium (TAC),no,yes,4.6,53906,14.53272051,17.5,466.06525077831344,28.869348181463,0
marion,1,4,48315,8,"Nonmetro, rural",9725,ezTask Titanium (TAC),no,yes,4.8,47720,15.994926719999999,23,380.90148529678004,25.531536041196453,0
martin,0,2,48317,3,Small metro (<250k),5237,CivicPlus,no,yes,2.7,73315,17.78816199,13.3,914.9557794688101,5.723773888876259,0
mason,4,2,48319,9,"Nonmetro, rural",3953,ezTask Titanium (TAC),yes,yes,3.5,59129,40.12944984000001,11.8,928.8359636523583,4.25586449565977,1
matagorda,0,2,48321,6,"Nonmetro, has an urban core",36255,ezTask Titanium (TAC),no,yes,5.4,58380,22.76956305,22.9,1093.1223877317336,33.16646004774485,0
maverick,0,2,48323,3,Small metro (<250k),57887,Other / unknown,yes,yes,7.5,43407,15.327175669999999,20.5,1279.4762173637932,45.242732310624106,1
mcculloch,1,4,48307,9,"Nonmetro, rural",7630,ezTask Titanium (TAC),yes,yes,4.1,45915,19.60200855,17.3,1065.6008501907756,7.160279572444028,1
mclennan,1,5,48309,2,Medium metro (250k-1M),260579,CivicPlus,yes,yes,3.7,63160,27.771644269999996,14.7,1036.6902197863758,251.3566685848506,1
mcmullen,0,2,48311,8,"Nonmetro, rural",600,WordPress,no,yes,1.7,67525,14.97175141,12.1,1139.7992738275543,0.5264084771568094,0
medina,2,2,48325,1,Large metro (1M+),50748,ezTask Titanium (TAC),yes,yes,3.8,70313,22.15802317,14.2,1325.3606666171145,38.289954786066296,1
menard,1,2,48327,9,"Nonmetro, rural",1962,ezTask Titanium (TAC),no,yes,3.7,44145,22.902338379999996,19.4,902.0265270638637,2.175102329181379,0
midland,3,5,48329,3,Small metro (<250k),169983,Other / unknown,yes,yes,2.5,81187,30.943329579999993,10.5,900.3575533788841,188.79499523504145,1
milam,1,4,48331,6,"Nonmetro, has an urban core",24754,Revize,no,yes,4.2,54667,19.516813960000004,14.6,1016.3557986372379,24.355643991199685,0
mills,0,2,48333,9,"Nonmetro, rural",4456,ezTask Titanium (TAC),no,yes,3.9,58068,28.08695652,13.7,748.2245924287274,5.955431089929671,0
mitchell,0,2,48335,7,"Nonmetro, has an urban core",8990,ezTask Titanium (TAC),no,yes,4,48378,13.91947412,19.2,911.0931563311309,9.86726761970391,0
montague,2,5,48337,6,"Nonmetro, has an urban core",19965,ezTask Titanium (TAC),yes,yes,3.5,57076,17.84057068,14.1,930.905667748413,21.446856208631175,1
montgomery,3,4,48339,1,Large metro (1M+),620443,Revize,yes,yes,3.9,95241,37.89510465,10.5,1042.11002536224,595.3718752339346,1
moore,1,2,48341,7,"Nonmetro, has an urban core",21358,ezTask Titanium (TAC),yes,yes,2.7,66583,12.04559949,11.9,899.6980264129476,23.739076193323786,1
morris,0,2,48343,8,"Nonmetro, rural",11973,ezTask Titanium (TAC),no,yes,5.9,49847,15.537751879999998,18.5,251.98919658360904,47.51394171784426,0
motley,0,2,48345,8,"Nonmetro, rural",1063,ezTask Titanium (TAC),no,yes,4,46320,22.03567681,16.9,989.5658941847421,1.0742084041566093,0
nacogdoches,1,2,48347,5,"Nonmetro, has an urban core",64653,CivicPlus,yes,yes,4.3,51708,26.505261490000002,20.8,946.3236269451446,68.32017943872782,1
navarro,1,2,48349,4,"Nonmetro, has an urban core",52624,ezTask Titanium (TAC),yes,yes,4,50822,17.071955940000006,16,1009.7020503310342,52.11834519177914,1
newton,0,2,48351,8,"Nonmetro, rural",12217,ezTask Titanium (TAC),no,yes,7.1,47804,6.23017671,19.8,933.6770839461499,13.084823661265547,0
nolan,3,2,48353,6,"Nonmetro, has an urban core",14738,ezTask Titanium (TAC),yes,yes,3.5,50579,13.72078464,18.3,911.9971373150436,16.160138444501335,1
nueces,0,3,48355,2,Medium metro (250k-1M),353178,Granicus / Vision,no,yes,4.2,60250,23.684953540000002,18.2,839.24555275275,420.8279672636522,0
ochiltree,3,2,48357,7,"Nonmetro, has an urban core",10015,ezTask Titanium (TAC),yes,yes,3.3,69383,19.014084510000004,11.8,917.6845460499045,10.913336225513136,1
oldham,0,2,48359,2,Medium metro (250k-1M),1758,ezTask Titanium (TAC),no,yes,3,66411,25.260625499999996,15.7,1500.5231487336828,1.171591388965646,0
orange,0,4,48361,2,Medium metro (250k-1M),84808,EvoGov,no,yes,5.4,63901,17.79387088,12.5,333.78571958000225,254.07917422804272,0
palo_pinto,0,3,48363,6,"Nonmetro, has an urban core",28409,ezTask Titanium (TAC),no,yes,3.7,56809,18.676514920000002,14.8,952.5490423969553,29.824186194668528,0
panola,1,2,48365,6,"Nonmetro, has an urban core",22491,CivicPlus,no,yes,4.5,59772,17.874708780000002,13.5,811.3554235582958,27.720280590919135,0
parker,0,2,48367,1,Large metro (1M+),148222,CivicPlus,no,yes,3.3,95277,31.58184807,7.9,903.7185533643242,164.01345247168555,0
parmer,1,2,48369,9,"Nonmetro, rural",9869,WordPress,yes,yes,2.6,57786,16.69367909,15.2,880.8217957417573,11.204309484291452,1
pecos,1,4,48371,7,"Nonmetro, has an urban core",15193,WordPress,yes,yes,3.6,54003,13.417521699999998,22.6,4763.8345860977715,3.1892375197781866,1
polk,0,3,48373,6,"Nonmetro, has an urban core",50123,CivicPlus,no,yes,5.4,58894,13.407298489999999,16.9,1057.0447182477606,47.41805066022919,0
potter,1,5,48375,2,Medium metro (250k-1M),118525,ezTask Titanium (TAC),yes,yes,3.1,51028,17.33556597,20.7,908.3897790557811,130.47813034972708,1
presidio,0,2,48377,9,"Nonmetro, rural",6131,ezTask Titanium (TAC),no,yes,6.3,43666,20.197175590000004,21.3,3855.2522335710646,1.590298021647456,0
rains,4,2,48379,8,"Nonmetro, rural",12164,ezTask Titanium (TAC),yes,yes,3.5,45419,25.159438780000002,12.8,229.4900392419176,53.00447914942959,1
randall,0,2,48381,2,Medium metro (250k-1M),140753,CivicPlus,no,yes,2.9,77066,32.05227798,9.1,912.7104780415382,154.2142918113779,0
reagan,1,2,48383,8,"Nonmetro, rural",3385,ezTask Titanium (TAC),yes,yes,3.6,83195,17.048630519999996,11.9,1175.3139357076045,2.8800815655793626,1
real,0,2,48385,9,"Nonmetro, rural",2758,ezTask Titanium (TAC),no,yes,5.1,49467,19.145651060000002,15.6,699.158761389063,3.944740668801041,0
red_river,1,2,48387,8,"Nonmetro, rural",11587,ezTask Titanium (TAC),yes,yes,4.8,47081,15.6374269,18.7,1043.895620045916,11.09976876758075,1
reeves,0,4,48389,7,"Nonmetro, has an urban core",14748,Granicus / Vision,no,yes,3.1,53969,6.871414914,22.2,2635.3535337272265,5.59621311192417,0
refugio,0,5,48391,8,"Nonmetro, rural",6741,ezTask Titanium (TAC),no,yes,3.9,50936,13.802637180000001,15.5,770.4844471274426,8.749040976923183,0
roberts,1,2,48393,9,"Nonmetro, rural",827,ezTask Titanium (TAC),no,yes,3.6,70814,22.030651340000002,7.4,924.057694612351,0.8949657633086779,0
robertson,1,3,48395,2,Medium metro (250k-1M),16757,ezTask Titanium (TAC),yes,yes,3.6,57796,19.130584790000004,16.9,855.1546338952112,19.59528643804714,1
rockwall,3,5,48397,1,Large metro (1M+),107819,CivicPlus,yes,yes,3.6,124291,43.9721975,5.1,127.20875734058872,847.5752947678391,1
runnels,0,2,48399,8,"Nonmetro, rural",9900,ezTask Titanium (TAC),no,yes,3.9,52729,19.06501096,15.3,1051.070200858953,9.418971246553795,0
rusk,3,3,48401,2,Medium metro (250k-1M),52214,ezTask Titanium (TAC),yes,yes,4.1,55085,17.86029574,16.8,924.1985346411494,56.49651892195848,1
sabine,0,5,48403,9,"Nonmetro, rural",9894,ezTask Titanium (TAC),no,yes,6.8,50564,17.828556669999998,16.3,491.71013993573894,20.121610673501742,0
san_augustine,1,2,48405,9,"Nonmetro, rural",7918,ezTask Titanium (TAC),yes,yes,5.4,49591,11.51850571,22.7,530.6589469246637,14.92107133194929,1
san_jacinto,0,2,48407,1,Large metro (1M+),27402,ezTask Titanium (TAC),no,yes,4.7,57855,15.82162492,17.3,569.24287154353,48.1376252032777,0
san_patricio,0,3,48409,2,Medium metro (250k-1M),68755,ezTask Titanium (TAC),no,yes,4.8,62919,17.241227879999997,16.4,693.3211291846433,99.16761094654215,0
san_saba,4,2,48411,9,"Nonmetro, rural",5730,ezTask Titanium (TAC),yes,yes,3.8,51350,21.66828794,17.9,1135.3129964754935,5.0470663313010755,1
schleicher,1,2,48413,8,"Nonmetro, rural",2451,ezTask Titanium (TAC),no,yes,3.5,54168,24.204947,14.8,1310.6415642966022,1.8700765081530188,0
scurry,1,4,48415,7,"Nonmetro, has an urban core",16932,ezTask Titanium (TAC),no,yes,4.1,60387,17.88304416,15.1,905.4444941061911,18.700207588886396,0
shackelford,1,2,48417,8,"Nonmetro, rural",3105,ezTask Titanium (TAC),yes,yes,2.7,64690,34.60490463,12,914.2857624933267,3.3960935709339157,1
shelby,0,2,48419,7,"Nonmetro, has an urban core",24022,ezTask Titanium (TAC),no,yes,4.5,51551,13.73284189,19.6,795.5891604459914,30.19397597942856,0
sherman,0,3,48421,9,"Nonmetro, rural",2782,ezTask Titanium (TAC),no,yes,3.2,73395,25.62972292,12,922.8596833210945,3.0145427850834468,0
smith,3,5,48423,3,Small metro (<250k),233479,CivicPlus,yes,yes,3.6,67978,27.74101779,13,921.4732449099931,253.37577763617602,1
somervell,0,3,48425,8,"Nonmetro, rural",9205,CivicPlus,no,yes,3.6,75568,24.97420021,9.3,186.2072965269327,49.4341530739565,0
starr,1,5,48427,4,"Nonmetro, has an urban core",65920,ezTask Titanium (TAC),yes,yes,9.3,35758,13.29701757,31.6,1223.179063937865,53.892354720149626,1
stephens,1,2,48429,7,"Nonmetro, has an urban core",9101,ezTask Titanium (TAC),no,yes,3.9,50710,18.203309689999998,16.2,896.7211942142854,10.149196939606599,0
sterling,1,2,48431,8,"Nonmetro, rural",1372,ezTask Titanium (TAC),yes,yes,4,75895,24.523506989999998,11.8,923.4493242519171,1.4857339368475386,1
stonewall,1,2,48433,9,"Nonmetro, rural",1245,ezTask Titanium (TAC),yes,yes,2.7,53153,14.108910889999999,15.5,916.3125849253416,1.358706647144259,1
sutton,0,2,48435,9,"Nonmetro, rural",3372,ezTask Titanium (TAC),no,yes,5.8,68838,15.477855479999999,13.9,1453.9351591849586,2.3192230951277515,0
swisher,0,2,48437,8,"Nonmetro, rural",6971,ezTask Titanium (TAC),no,yes,4.6,52148,20.138423760000002,20.9,890.1595710414285,7.8311801914845285,0
tarrant,3,5,48439,1,Large metro (1M+),2110640,Other / unknown,yes,yes,3.7,76285,34.54800144,11.6,865.2492412407253,2439.3433699790885,1
taylor,0,5,48441,3,Small metro (<250k),143208,CivicPlus,no,yes,3.3,61798,29.00993452,17.9,915.5363516321316,156.41978578425895,0
terrell,0,2,48443,9,"Nonmetro, rural",760,ezTask Titanium (TAC),no,yes,3.5,47969,32.34042553,17.4,2357.957462206265,0.32231285431624895,0
terry,0,2,48445,6,"Nonmetro, has an urban core",11831,ezTask Titanium (TAC),no,yes,3.9,46998,10.965209150000002,22.3,888.8508329870288,13.31044485860616,0
throckmorton,2,3,48447,9,"Nonmetro, rural",1440,ezTask Titanium (TAC),yes,yes,3.6,50997,24.978012309999997,15,912.5522371606563,1.5779918577378773,1
titus,0,2,48449,7,"Nonmetro, has an urban core",31247,ezTask Titanium (TAC),no,yes,4.2,58411,15.40151206,16,406.3020401278985,76.90584076359512,0
tom_green,0,5,48451,3,Small metro (<250k),120003,ezTask Titanium (TAC),no,yes,3.5,60348,25.117170040000005,13.2,1522.3200959019075,78.82901915507036,0
travis,4,4,48453,1,Large metro (1M+),1290188,Other / unknown,yes,yes,3.3,95151,55.51476844,11.2,994.2944139616147,1297.5915200603836,1
trinity,0,3,48455,8,"Nonmetro, rural",13602,ezTask Titanium (TAC),no,yes,5,49629,15.89449768,17.1,693.7949707421631,19.605215623644163,0
tyler,4,4,48457,8,"Nonmetro, rural",19798,ezTask Titanium (TAC),yes,yes,5.8,50722,11.97592504,17.5,924.3898316583392,21.41737102893347,1
upshur,0,3,48459,2,Medium metro (250k-1M),40892,ezTask Titanium (TAC),no,yes,4.2,59690,17.488570129999996,14.9,582.9798330618592,70.14307816658386,0
upton,3,2,48461,8,"Nonmetro, rural",3308,ezTask Titanium (TAC),yes,yes,1.7,61607,8.808988763999999,15.6,1241.3225313995747,2.664899666543774,1
uvalde,1,5,48463,6,"Nonmetro, has an urban core",24564,Wix,no,yes,4.2,48427,20.16378643,20.5,1551.921693184916,15.828118202013643,0
val_verde,1,4,48465,5,"Nonmetro, has an urban core",47586,CivicPlus,yes,yes,5.5,52593,21.332229469999998,18.8,3144.7495587151557,15.131888600834122,1
van_zandt,0,2,48467,8,"Nonmetro, rural",59541,ezTask Titanium (TAC),no,yes,3.5,57706,18.199732559999998,13.3,842.5715606856589,70.66580784135101,0
victoria,3,5,48469,3,Small metro (<250k),91319,ezTask Titanium (TAC),yes,yes,4.1,67905,19.687020869999998,16.2,882.0866687299194,103.52610830349188,1
walker,0,2,48471,4,"Nonmetro, has an urban core",76400,Other / unknown,no,yes,4.6,53301,21.43211573,23.9,784.2222600010315,97.42136113287515,0
waller,0,3,48473,1,Large metro (1M+),56794,ezTask Titanium (TAC),no,yes,4.6,75223,26.57326328,13.6,513.2965247473666,110.64559618429674,0
ward,1,2,48475,6,"Nonmetro, has an urban core",11644,ezTask Titanium (TAC),yes,yes,3,60775,10.68670131,14.1,835.6027001220481,13.93485205145852,1
washington,2,4,48477,6,"Nonmetro, has an urban core",35805,ezTask Titanium (TAC),yes,yes,3.9,66911,31.002236229999994,14,604.1940814160727,59.26075925153464,1
webb,0,5,48479,2,Medium metro (250k-1M),267114,Other / unknown,no,yes,4,56289,20.94155631,22.6,3361.4777003744625,79.46326699422816,0
wharton,1,4,48481,4,"Nonmetro, has an urban core",41570,ezTask Titanium (TAC),no,yes,3.9,57487,19.225469579999995,15.9,1086.142082327938,38.27307741442321,0
wheeler,0,2,48483,9,"Nonmetro, rural",4990,ezTask Titanium (TAC),no,yes,3.7,55713,19.513641760000002,14.1,914.5328593805784,5.456337570396074,0
wichita,3,3,48485,3,Small metro (<250k),129350,WordPress,yes,yes,3.9,56634,24.83562819,14.6,627.5929618070718,206.1049244841013,1
wilbarger,0,2,48487,6,"Nonmetro, has an urban core",12887,ezTask Titanium (TAC),no,yes,5,52983,17.411437829999997,14.1,970.9458087048902,13.272625397280933,0
willacy,0,2,48489,6,"Nonmetro, has an urban core",20164,ezTask Titanium (TAC),no,yes,7.8,41648,12.181916619999999,34.3,590.6130233161573,34.14079812663755,0
williamson,3,4,48491,1,Large metro (1M+),609017,CivicPlus,yes,yes,3.4,101891,47.40231583000001,6,1115.8372553301026,545.793750021218,1
wilson,3,2,48493,1,Large metro (1M+),49753,ezTask Titanium (TAC),yes,yes,3.2,79432,26.27216926,9.8,803.7344426264567,61.9022868267488,1
winkler,0,2,48495,6,"Nonmetro, has an urban core",7791,CivicPlus,no,yes,3.4,69775,10.00638706,14.7,841.2687906123246,9.26101156602904,0
wise,3,3,48497,1,Large metro (1M+),68632,CivicPlus,yes,yes,3.7,80096,20.638971110000007,10.2,904.3949919909093,75.88719597939776,1
wood,3,5,48499,6,"Nonmetro, has an urban core",44843,ezTask Titanium (TAC),yes,yes,4.4,57504,22.260730469999995,14.1,645.2432297073364,69.49782335622412,1
yoakum,2,2,48501,9,"Nonmetro, rural",7694,ezTask Titanium (TAC),yes,yes,3.4,62748,14.2,12.8,799.715052359835,9.620926825493905,1
young,1,2,48503,7,"Nonmetro, has an urban core",17867,ezTask Titanium (TAC),no,yes,3.4,58297,23.582329319999996,14.8,914.4983136621427,19.53748818677525,0
zapata,0,3,48505,6,"Nonmetro, has an urban core",13889,ezTask Titanium (TAC),no,yes,6.4,39403,13.28046324,28.9,998.4123216689208,13.911086330328436,0
zavala,0,3,48507,7,"Nonmetro, has an urban core",9670,Other / unknown,no,yes,7.3,36237,9.551349457,25.4,1297.4070672471157,7.453327674958754,0
