county,facts_stated,pages_captured,has_elections_page,mentions_nov3,mentions_past_2026,elections_referenced,nov3_mentions,last_text_change,days_since_change
anderson,0,2,yes,no,no,none of the 2026 calendar,0,2026-08-20,0
andrews,1,5,yes,no,yes,May 26 primary runoff (past),0,2026-08-20,0
angelina,1,2,yes,yes,no,Nov 3 general (upcoming),1,2026-08-20,0
aransas,0,5,yes,no,yes,May 26 primary runoff (past),0,2026-08-16,4
archer,0,2,yes,no,yes,May 26 primary runoff (past); May 2 uniform (past); Mar 3 primary (past),0,2026-08-12,8
armstrong,4,2,yes,yes,yes,May 2 uniform (past); Nov 3 general (upcoming); May 26 primary runoff (past); Mar 3 primary (past),4,2026-08-20,0
atascosa,1,4,yes,yes,yes,Nov 3 general (upcoming); May 26 primary runoff (past); May 2 uniform (past); Mar 3 primary (past),1,2026-08-20,0
austin,0,3,yes,no,yes,May 26 primary runoff (past); May 2 uniform (past); Mar 3 primary (past),0,2026-08-13,7
bailey,2,2,yes,yes,yes,Nov 3 general (upcoming); May 26 primary runoff (past),2,2026-08-20,0
bandera,1,5,yes,no,yes,Mar 3 primary (past),0,2026-08-14,6
bastrop,3,5,yes,yes,yes,Nov 3 general (upcoming); May 26 primary runoff (past); May 2 uniform (past); Mar 3 primary (past),1,2026-08-18,2
baylor,1,2,yes,no,yes,Mar 3 primary (past); May 26 primary runoff (past),0,2026-08-15,5
bee,0,2,yes,no,no,none of the 2026 calendar,0,2026-08-18,2
bell,4,5,yes,yes,yes,May 26 primary runoff (past); Nov 3 general (upcoming),2,2026-08-20,0
bexar,2,5,yes,yes,no,Nov 3 general (upcoming),1,2026-08-20,0
blanco,4,3,yes,yes,yes,May 26 primary runoff (past); May 2 uniform (past); Nov 3 general (upcoming); Mar 3 primary (past),6,2026-07-28,23
borden,0,2,yes,no,no,none of the 2026 calendar,0,2026-08-14,6
bosque,0,2,yes,no,no,none of the 2026 calendar,0,2026-08-20,0
bowie,0,5,yes,no,no,none of the 2026 calendar,0,2026-08-18,2
brazoria,0,1,no,no,no,none of the 2026 calendar,0,2026-08-13,7
brazos,1,5,yes,no,yes,Mar 3 primary (past); May 26 primary runoff (past),0,2026-08-20,0
brewster,0,2,yes,no,yes,Mar 3 primary (past); May 26 primary runoff (past),0,2026-08-20,0
briscoe,1,2,yes,yes,yes,May 2 uniform (past); May 26 primary runoff (past); Mar 3 primary (past); Nov 3 general (upcoming),2,2026-08-07,13
brooks,3,2,yes,yes,yes,May 2 uniform (past); Mar 3 primary (past); Nov 3 general (upcoming); May 26 primary runoff (past),4,2026-08-20,0
brown,4,2,yes,yes,yes,Nov 3 general (upcoming); May 26 primary runoff (past); May 2 uniform (past); Mar 3 primary (past),2,2026-08-20,0
burleson,0,5,yes,no,yes,May 26 primary runoff (past); May 2 uniform (past); Mar 3 primary (past),0,2026-08-20,0
burnet,3,5,yes,yes,yes,Mar 3 primary (past); May 26 primary runoff (past); May 2 uniform (past); Nov 3 general (upcoming),3,2026-08-20,0
caldwell,3,5,yes,yes,yes,Nov 3 general (upcoming); May 2 uniform (past); Mar 3 primary (past); May 26 primary runoff (past),14,2026-08-20,0
calhoun,1,4,yes,yes,yes,Nov 3 general (upcoming); May 2 uniform (past); May 26 primary runoff (past); Mar 3 primary (past),2,2026-08-15,5
callahan,2,2,yes,yes,yes,Mar 3 primary (past); May 26 primary runoff (past); Nov 3 general (upcoming); May 2 uniform (past),1,2026-08-20,0
cameron,2,5,yes,no,yes,Jun 13 runoff (past); May 2 uniform (past),0,2026-08-11,9
camp,0,2,yes,no,yes,May 26 primary runoff (past); Mar 3 primary (past),0,2026-08-05,15
carson,3,2,yes,yes,yes,May 26 primary runoff (past); Nov 3 general (upcoming); Mar 3 primary (past); May 2 uniform (past),4,2026-08-11,9
cass,1,2,yes,yes,yes,Mar 3 primary (past); Nov 3 general (upcoming); May 26 primary runoff (past),2,2026-08-20,0
castro,0,2,yes,no,yes,Mar 3 primary (past),0,2026-08-15,5
chambers,1,4,yes,yes,yes,May 2 uniform (past); May 26 primary runoff (past); Nov 3 general (upcoming),2,2026-08-20,0
cherokee,1,3,yes,yes,yes,May 26 primary runoff (past); Nov 3 general (upcoming),1,2026-08-16,4
childress,2,2,yes,no,yes,Mar 3 primary (past),0,2026-08-18,2
clay,1,3,yes,no,yes,Mar 3 primary (past),0,2026-08-12,8
cochran,0,2,yes,no,yes,Mar 3 primary (past); May 2 uniform (past),0,2026-08-13,7
coke,2,2,yes,yes,yes,May 26 primary runoff (past); Nov 3 general (upcoming); Mar 3 primary (past),2,2026-08-20,0
coleman,0,4,yes,no,no,none of the 2026 calendar,0,2026-08-08,12
collin,0,4,yes,no,yes,Jun 13 runoff (past),0,2026-08-18,2
collingsworth,2,2,yes,yes,yes,May 26 primary runoff (past); Nov 3 general (upcoming); May 2 uniform (past); Mar 3 primary (past),2,2026-08-18,2
colorado,1,3,yes,yes,yes,Nov 3 general (upcoming); May 2 uniform (past); May 26 primary runoff (past); Mar 3 primary (past),3,2026-08-18,2
comal,2,3,yes,yes,yes,May 2 uniform (past); Nov 3 general (upcoming); Mar 3 primary (past); May 26 primary runoff (past); Jun 13 runoff (past),8,2026-08-18,2
comanche,3,4,yes,yes,no,Nov 3 general (upcoming),10,2026-08-20,0
concho,2,3,yes,yes,no,Nov 3 general (upcoming),10,2026-08-20,0
cooke,1,2,yes,yes,yes,Nov 3 general (upcoming); May 26 primary runoff (past); May 2 uniform (past); Mar 3 primary (past),2,2026-08-20,0
coryell,0,2,yes,no,no,none of the 2026 calendar,0,2026-08-20,0
cottle,0,2,yes,no,no,none of the 2026 calendar,0,2026-08-20,0
crane,3,3,yes,yes,yes,Nov 3 general (upcoming); May 26 primary runoff (past); Mar 3 primary (past),2,2026-08-15,5
crockett,0,2,yes,no,yes,Mar 3 primary (past); May 26 primary runoff (past),0,2026-08-20,0
crosby,0,2,yes,no,no,none of the 2026 calendar,0,2026-07-28,23
culberson,0,4,yes,no,yes,Mar 3 primary (past); May 26 primary runoff (past),0,2026-08-01,19
dallam,0,2,yes,no,yes,May 26 primary runoff (past),0,2026-08-20,0
dallas,2,5,yes,yes,no,Nov 3 general (upcoming),4,2026-08-20,0
dawson,1,4,yes,yes,yes,May 2 uniform (past); Nov 3 general (upcoming); May 26 primary runoff (past); Mar 3 primary (past); Jun 13 runoff (past),4,2026-08-20,0
deaf_smith,0,2,yes,no,no,none of the 2026 calendar,0,2026-07-28,23
delta,0,4,yes,no,yes,Mar 3 primary (past); May 26 primary runoff (past),0,2026-08-18,2
denton,3,5,yes,yes,yes,May 26 primary runoff (past); Mar 3 primary (past); Nov 3 general (upcoming); Jun 13 runoff (past); May 2 uniform (past),1,2026-08-20,0
dewitt,3,3,yes,yes,yes,Nov 3 general (upcoming); May 26 primary runoff (past); May 2 uniform (past); Mar 3 primary (past),4,2026-08-18,2
dickens,2,2,yes,yes,yes,May 26 primary runoff (past); Nov 3 general (upcoming),1,2026-08-20,0
dimmit,1,2,yes,yes,yes,May 2 uniform (past); Mar 3 primary (past); May 26 primary runoff (past); Nov 3 general (upcoming),2,2026-07-28,23
donley,0,2,yes,no,no,none of the 2026 calendar,0,2026-08-05,15
duval,0,2,yes,no,no,none of the 2026 calendar,0,2026-07-28,23
eastland,3,2,yes,yes,yes,May 2 uniform (past); Mar 3 primary (past); May 26 primary runoff (past); Nov 3 general (upcoming),2,2026-08-13,7
ector,1,2,yes,no,yes,May 26 primary runoff (past); Mar 3 primary (past),0,2026-08-20,0
edwards,0,4,yes,no,yes,May 26 primary runoff (past); Mar 3 primary (past),0,2026-08-01,19
el_paso,3,5,yes,yes,yes,Nov 3 general (upcoming); May 26 primary runoff (past),4,2026-08-20,0
ellis,0,5,yes,no,no,none of the 2026 calendar,0,2026-08-20,0
erath,3,4,yes,yes,yes,Nov 3 general (upcoming); Mar 3 primary (past); May 2 uniform (past); May 26 primary runoff (past),18,2026-08-20,0
falls,0,2,yes,no,yes,May 2 uniform (past); May 26 primary runoff (past); Mar 3 primary (past),0,2026-08-14,6
fannin,3,2,yes,yes,yes,Mar 3 primary (past); May 26 primary runoff (past); Nov 3 general (upcoming); May 2 uniform (past); Jun 13 runoff (past),3,2026-08-20,0
fayette,1,3,yes,yes,yes,Mar 3 primary (past); Nov 3 general (upcoming); May 2 uniform (past); May 26 primary runoff (past),3,2026-08-20,0
fisher,0,2,yes,no,no,none of the 2026 calendar,0,2026-08-16,4
floyd,1,2,yes,yes,yes,Nov 3 general (upcoming); May 2 uniform (past); Mar 3 primary (past); May 26 primary runoff (past),1,2026-08-20,0
foard,1,2,yes,yes,yes,May 26 primary runoff (past); Mar 3 primary (past); Nov 3 general (upcoming),1,2026-08-15,5
fort_bend,0,5,yes,no,yes,Jun 13 runoff (past); May 26 primary runoff (past); May 2 uniform (past); Mar 3 primary (past),0,2026-08-20,0
franklin,4,4,yes,yes,yes,May 2 uniform (past); Nov 3 general (upcoming); Mar 3 primary (past); May 26 primary runoff (past),4,2026-08-20,0
freestone,1,2,yes,yes,yes,May 2 uniform (past); Mar 3 primary (past); May 26 primary runoff (past); Nov 3 general (upcoming),1,2026-08-06,14
frio,4,3,yes,yes,yes,Mar 3 primary (past); May 26 primary runoff (past); Nov 3 general (upcoming); May 2 uniform (past),1,2026-08-20,0
gaines,1,2,yes,no,yes,Mar 3 primary (past); May 2 uniform (past); May 26 primary runoff (past),0,2026-07-28,23
galveston,0,5,yes,yes,yes,Nov 3 general (upcoming); Jun 13 runoff (past); May 26 primary runoff (past); May 2 uniform (past); Mar 3 primary (past),1,2026-08-20,0
garza,2,5,yes,no,yes,Mar 3 primary (past); May 26 primary runoff (past),0,2026-08-08,12
gillespie,4,3,yes,yes,yes,Nov 3 general (upcoming); May 26 primary runoff (past); Mar 3 primary (past); May 2 uniform (past),2,2026-08-20,0
glasscock,0,2,yes,no,no,none of the 2026 calendar,0,2026-08-14,6
goliad,3,2,yes,yes,yes,May 26 primary runoff (past); Nov 3 general (upcoming); Mar 3 primary (past); May 2 uniform (past),3,2026-08-08,12
gonzales,4,2,yes,yes,yes,Mar 3 primary (past); May 2 uniform (past); May 26 primary runoff (past); Nov 3 general (upcoming),3,2026-08-05,15
gray,4,4,yes,yes,yes,May 2 uniform (past); Nov 3 general (upcoming); May 26 primary runoff (past); Mar 3 primary (past),2,2026-08-01,19
grayson,2,5,yes,yes,yes,May 2 uniform (past); Nov 3 general (upcoming); Mar 3 primary (past); May 26 primary runoff (past),2,2026-08-20,0
gregg,3,5,yes,yes,yes,Nov 3 general (upcoming); Jun 13 runoff (past); May 26 primary runoff (past); May 2 uniform (past); Mar 3 primary (past),3,2026-08-20,0
grimes,0,5,yes,no,yes,May 2 uniform (past),0,2026-08-20,0
guadalupe,1,5,yes,yes,yes,May 26 primary runoff (past); Jun 13 runoff (past); Nov 3 general (upcoming); May 2 uniform (past),1,2026-07-28,23
hale,0,2,yes,no,yes,Mar 3 primary (past); May 26 primary runoff (past),0,2026-08-06,14
hall,0,2,yes,no,yes,May 2 uniform (past); Mar 3 primary (past); May 26 primary runoff (past),0,2026-08-14,6
hamilton,4,2,yes,yes,yes,Mar 3 primary (past); May 26 primary runoff (past); May 2 uniform (past); Nov 3 general (upcoming),2,2026-08-20,0
hansford,1,2,yes,no,no,none of the 2026 calendar,0,2026-08-15,5
hardeman,0,2,yes,no,yes,May 26 primary runoff (past); Mar 3 primary (past),0,2026-08-20,0
hardin,2,2,yes,no,yes,Mar 3 primary (past); May 26 primary runoff (past),0,2026-08-12,8
harris,1,4,yes,yes,no,Nov 3 general (upcoming),1,2026-08-20,0
harrison,0,2,yes,no,no,none of the 2026 calendar,0,2026-08-13,7
hartley,2,2,yes,yes,yes,May 2 uniform (past); Nov 3 general (upcoming); May 26 primary runoff (past); Mar 3 primary (past),1,2026-08-20,0
haskell,0,2,yes,no,yes,Mar 3 primary (past); May 26 primary runoff (past),0,2026-08-18,2
hays,1,5,yes,yes,no,Nov 3 general (upcoming),7,2026-08-20,0
hemphill,4,4,yes,yes,yes,Mar 3 primary (past); May 26 primary runoff (past); Nov 3 general (upcoming); May 2 uniform (past),4,2026-08-20,0
henderson,0,1,no,no,no,none of the 2026 calendar,0,2026-08-20,0
hidalgo,1,5,yes,yes,no,Nov 3 general (upcoming),1,2026-08-20,0
hill,1,2,yes,yes,yes,May 2 uniform (past); Nov 3 general (upcoming); May 26 primary runoff (past),2,2026-08-20,0
hockley,1,2,yes,yes,yes,Nov 3 general (upcoming); Mar 3 primary (past),2,2026-08-18,2
hood,3,3,yes,yes,yes,Nov 3 general (upcoming); May 26 primary runoff (past); Mar 3 primary (past),2,2026-08-18,2
hopkins,2,5,yes,yes,yes,Nov 3 general (upcoming); Mar 3 primary (past); May 2 uniform (past); May 26 primary runoff (past),16,2026-08-20,0
houston,1,2,yes,yes,yes,Nov 3 general (upcoming); Mar 3 primary (past); May 2 uniform (past); May 26 primary runoff (past),2,2026-08-20,0
howard,2,4,yes,yes,yes,Nov 3 general (upcoming); May 26 primary runoff (past); May 2 uniform (past),3,2026-08-20,0
hudspeth,0,3,yes,no,no,none of the 2026 calendar,0,2026-08-07,13
hunt,2,3,yes,yes,yes,May 26 primary runoff (past); May 2 uniform (past); Nov 3 general (upcoming),1,2026-08-20,0
hutchinson,1,2,yes,no,yes,Mar 3 primary (past),0,2026-08-20,0
irion,0,2,yes,no,no,none of the 2026 calendar,0,2026-08-20,0
jack,2,4,yes,yes,yes,Mar 3 primary (past); May 2 uniform (past); May 26 primary runoff (past); Nov 3 general (upcoming),2,2026-08-18,2
jackson,0,3,yes,no,no,none of the 2026 calendar,0,2026-08-15,5
jasper,0,2,yes,no,yes,May 26 primary runoff (past); Mar 3 primary (past); May 2 uniform (past),0,2026-08-15,5
jeff_davis,0,2,yes,no,yes,Mar 3 primary (past); May 26 primary runoff (past),0,2026-07-29,22
jefferson,0,5,yes,no,no,none of the 2026 calendar,0,2026-08-18,2
jim_hogg,0,2,yes,no,yes,May 26 primary runoff (past); Mar 3 primary (past),0,2026-08-12,8
jim_wells,1,2,yes,yes,no,Nov 3 general (upcoming),1,2026-08-20,0
johnson,0,5,yes,no,no,none of the 2026 calendar,0,2026-08-18,2
jones,0,2,yes,no,yes,May 26 primary runoff (past); Mar 3 primary (past),0,2026-08-18,2
karnes,3,2,yes,yes,yes,Nov 3 general (upcoming); May 2 uniform (past); Mar 3 primary (past); May 26 primary runoff (past),3,2026-08-20,0
kaufman,3,5,yes,yes,no,Nov 3 general (upcoming),4,2026-08-12,8
kendall,3,5,yes,yes,yes,Nov 3 general (upcoming); May 26 primary runoff (past); May 2 uniform (past); Mar 3 primary (past),2,2026-08-14,6
kenedy,3,5,yes,no,yes,May 26 primary runoff (past); Mar 3 primary (past); May 2 uniform (past),0,2026-07-28,23
kent,0,2,yes,yes,yes,Mar 3 primary (past); May 26 primary runoff (past); Nov 3 general (upcoming),1,2026-08-05,15
kerr,3,3,yes,yes,yes,Nov 3 general (upcoming); May 26 primary runoff (past),6,2026-08-20,0
kimble,4,2,yes,yes,yes,May 26 primary runoff (past); Mar 3 primary (past); Nov 3 general (upcoming); May 2 uniform (past),2,2026-08-14,6
king,0,1,no,no,no,none of the 2026 calendar,0,2026-08-11,9
kinney,1,3,yes,no,yes,May 26 primary runoff (past); May 2 uniform (past); Mar 3 primary (past),0,2026-08-01,19
kleberg,1,2,yes,yes,yes,Mar 3 primary (past); Nov 3 general (upcoming); May 26 primary runoff (past),10,2026-08-20,0
knox,0,2,yes,no,yes,May 26 primary runoff (past),0,2026-08-06,14
la_salle,2,5,yes,yes,yes,Mar 3 primary (past); Nov 3 general (upcoming); May 26 primary runoff (past); May 2 uniform (past),1,2026-08-20,0
lamar,0,3,yes,no,yes,May 26 primary runoff (past); May 2 uniform (past); Mar 3 primary (past),0,2026-08-20,0
lamb,0,2,yes,no,no,none of the 2026 calendar,0,2026-08-20,0
lampasas,2,2,yes,yes,yes,May 26 primary runoff (past); Nov 3 general (upcoming); Mar 3 primary (past); May 2 uniform (past),3,2026-08-18,2
lavaca,3,3,yes,no,yes,May 26 primary runoff (past); Mar 3 primary (past); May 2 uniform (past),0,2026-08-15,5
lee,1,4,yes,no,no,none of the 2026 calendar,0,2026-08-20,0
leon,1,2,yes,yes,yes,Mar 3 primary (past); Nov 3 general (upcoming); May 26 primary runoff (past); May 2 uniform (past),2,2026-08-15,5
liberty,2,5,yes,yes,yes,Nov 3 general (upcoming); May 26 primary runoff (past); May 2 uniform (past); Mar 3 primary (past),5,2026-08-20,0
limestone,4,2,yes,yes,yes,Nov 3 general (upcoming); Mar 3 primary (past); May 26 primary runoff (past); May 2 uniform (past),3,2026-08-15,5
lipscomb,1,2,yes,yes,yes,May 26 primary runoff (past); Mar 3 primary (past); Nov 3 general (upcoming); May 2 uniform (past),1,2026-08-20,0
live_oak,0,2,no,no,no,none of the 2026 calendar,0,2026-08-15,5
llano,4,3,yes,yes,yes,Nov 3 general (upcoming); May 2 uniform (past); May 26 primary runoff (past),10,2026-08-20,0
loving,3,2,yes,yes,yes,May 2 uniform (past); Nov 3 general (upcoming),2,2026-08-18,2
lubbock,3,5,yes,yes,yes,Nov 3 general (upcoming); Jun 13 runoff (past); May 26 primary runoff (past); May 2 uniform (past); Mar 3 primary (past),5,2026-08-20,0
lynn,3,2,yes,no,yes,May 2 uniform (past); May 26 primary runoff (past); Mar 3 primary (past),0,2026-08-06,14
madison,0,2,yes,no,yes,Mar 3 primary (past); May 26 primary runoff (past); May 2 uniform (past),0,2026-08-18,2
marion,1,4,yes,no,yes,May 2 uniform (past); May 26 primary runoff (past); Mar 3 primary (past),0,2026-08-14,6
martin,0,2,yes,no,no,none of the 2026 calendar,0,2026-08-01,19
mason,4,2,yes,yes,yes,Nov 3 general (upcoming); May 26 primary runoff (past); Mar 3 primary (past),3,2026-08-18,2
matagorda,0,2,yes,no,yes,May 26 primary runoff (past); May 2 uniform (past); Mar 3 primary (past),0,2026-08-20,0
maverick,0,2,yes,yes,yes,Nov 3 general (upcoming); May 26 primary runoff (past),2,2026-08-20,0
mcculloch,1,4,yes,yes,yes,Mar 3 primary (past); May 26 primary runoff (past); Nov 3 general (upcoming),2,2026-08-20,0
mclennan,1,5,yes,yes,yes,Mar 3 primary (past); May 2 uniform (past); May 26 primary runoff (past); Nov 3 general (upcoming),5,2026-08-15,5
mcmullen,2,2,yes,no,yes,Mar 3 primary (past); May 26 primary runoff (past); May 2 uniform (past),0,2026-08-20,0
medina,2,2,yes,yes,no,Nov 3 general (upcoming),1,2026-08-04,16
menard,2,2,yes,no,yes,May 26 primary runoff (past); Mar 3 primary (past),0,2026-08-18,2
midland,3,5,yes,yes,yes,Mar 3 primary (past); Nov 3 general (upcoming); May 26 primary runoff (past),2,2026-08-20,0
milam,3,4,yes,no,yes,May 2 uniform (past); May 26 primary runoff (past),0,2026-08-13,7
mills,0,2,yes,no,no,none of the 2026 calendar,0,2026-08-15,5
mitchell,0,2,yes,no,no,none of the 2026 calendar,0,2026-08-20,0
montague,2,5,yes,yes,yes,May 26 primary runoff (past); May 2 uniform (past); Nov 3 general (upcoming); Mar 3 primary (past),1,2026-08-20,0
montgomery,3,4,yes,yes,yes,May 26 primary runoff (past); Mar 3 primary (past); May 2 uniform (past); Jun 13 runoff (past); Nov 3 general (upcoming),2,2026-08-20,0
moore,1,2,yes,yes,yes,May 26 primary runoff (past); Mar 3 primary (past); Nov 3 general (upcoming),1,2026-08-18,2
morris,0,2,yes,no,yes,Mar 3 primary (past); May 26 primary runoff (past),0,2026-08-12,8
motley,0,2,yes,no,yes,May 2 uniform (past),0,2026-08-15,5
nacogdoches,1,2,yes,yes,no,Nov 3 general (upcoming),1,2026-08-14,6
navarro,1,2,yes,yes,no,Nov 3 general (upcoming),1,2026-08-15,5
newton,0,2,yes,no,no,none of the 2026 calendar,0,2026-08-20,0
nolan,3,2,yes,yes,yes,Nov 3 general (upcoming); May 26 primary runoff (past); Mar 3 primary (past); May 2 uniform (past),3,2026-08-18,2
nueces,1,3,yes,no,yes,May 26 primary runoff (past),0,2026-08-18,2
ochiltree,3,2,yes,yes,yes,May 2 uniform (past); May 26 primary runoff (past); Nov 3 general (upcoming); Mar 3 primary (past),2,2026-08-07,13
oldham,0,2,yes,no,no,none of the 2026 calendar,0,2026-08-11,9
orange,0,4,yes,no,yes,May 26 primary runoff (past); May 2 uniform (past); Mar 3 primary (past),0,2026-08-20,0
palo_pinto,1,3,yes,no,yes,May 26 primary runoff (past); May 2 uniform (past); Mar 3 primary (past),0,2026-08-20,0
panola,1,2,yes,no,yes,May 2 uniform (past); May 26 primary runoff (past),0,2026-08-20,0
parker,0,2,yes,no,no,none of the 2026 calendar,0,2026-08-09,11
parmer,2,2,yes,yes,yes,Mar 3 primary (past); May 26 primary runoff (past); May 2 uniform (past); Nov 3 general (upcoming),1,2026-08-20,0
pecos,1,4,yes,yes,no,Nov 3 general (upcoming),1,2026-08-20,0
polk,1,3,yes,no,yes,May 26 primary runoff (past); Mar 3 primary (past); May 2 uniform (past),0,2026-08-20,0
potter,1,5,yes,yes,yes,Nov 3 general (upcoming); May 26 primary runoff (past); Mar 3 primary (past),2,2026-08-18,2
presidio,0,2,yes,no,yes,Mar 3 primary (past),0,2026-08-20,0
rains,4,2,yes,yes,yes,Nov 3 general (upcoming); May 26 primary runoff (past),2,2026-08-15,5
randall,0,2,yes,no,no,none of the 2026 calendar,0,2026-08-01,19
reagan,1,2,yes,yes,yes,May 26 primary runoff (past); May 2 uniform (past); Nov 3 general (upcoming); Mar 3 primary (past),1,2026-08-20,0
real,0,2,yes,no,no,none of the 2026 calendar,0,2026-07-29,22
red_river,1,2,yes,yes,yes,Mar 3 primary (past); Nov 3 general (upcoming); May 26 primary runoff (past),2,2026-08-20,0
reeves,0,4,yes,no,no,none of the 2026 calendar,0,2026-08-18,2
refugio,0,5,yes,no,no,none of the 2026 calendar,0,2026-08-14,6
roberts,2,2,yes,no,yes,Mar 3 primary (past); May 26 primary runoff (past),0,2026-08-06,14
robertson,1,3,yes,yes,yes,May 26 primary runoff (past); Nov 3 general (upcoming); Mar 3 primary (past); May 2 uniform (past),1,2026-08-15,5
rockwall,3,5,yes,yes,yes,Nov 3 general (upcoming); May 26 primary runoff (past); May 2 uniform (past); Mar 3 primary (past),2,2026-07-29,22
runnels,1,2,yes,no,yes,Mar 3 primary (past); May 26 primary runoff (past),0,2026-08-14,6
rusk,3,3,yes,yes,yes,Nov 3 general (upcoming); Mar 3 primary (past); May 26 primary runoff (past); May 2 uniform (past),3,2026-08-20,0
sabine,1,5,yes,no,yes,May 26 primary runoff (past),0,2026-07-29,22
san_augustine,1,2,yes,yes,yes,May 26 primary runoff (past); Mar 3 primary (past); Nov 3 general (upcoming),2,2026-08-14,6
san_jacinto,0,2,yes,no,yes,Mar 3 primary (past); May 26 primary runoff (past); May 2 uniform (past),0,2026-08-20,0
san_patricio,0,3,yes,no,no,none of the 2026 calendar,0,2026-08-20,0
san_saba,4,2,yes,yes,yes,May 26 primary runoff (past); Nov 3 general (upcoming); Mar 3 primary (past); May 2 uniform (past),4,2026-08-20,0
schleicher,2,2,yes,no,yes,May 26 primary runoff (past); May 2 uniform (past),0,2026-08-20,0
scurry,2,4,yes,no,yes,May 26 primary runoff (past); May 2 uniform (past); Mar 3 primary (past),0,2026-08-20,0
shackelford,1,2,yes,yes,yes,Nov 3 general (upcoming); May 26 primary runoff (past); May 2 uniform (past),2,2026-08-20,0
shelby,0,2,yes,no,yes,Mar 3 primary (past),0,2026-08-06,14
sherman,0,3,yes,no,yes,Mar 3 primary (past),0,2026-08-18,2
smith,3,5,yes,yes,yes,Nov 3 general (upcoming); Jun 13 runoff (past); Mar 3 primary (past); May 2 uniform (past); May 26 primary runoff (past),5,2026-08-20,0
somervell,0,3,yes,no,yes,May 26 primary runoff (past),0,2026-08-01,19
starr,1,5,yes,yes,no,Nov 3 general (upcoming),1,2026-08-08,12
stephens,2,2,yes,no,yes,May 26 primary runoff (past),0,2026-08-20,0
sterling,1,2,yes,yes,yes,May 26 primary runoff (past); Nov 3 general (upcoming); Mar 3 primary (past),1,2026-08-18,2
stonewall,1,2,yes,yes,yes,May 26 primary runoff (past); Nov 3 general (upcoming),1,2026-08-20,0
sutton,0,2,yes,no,yes,Mar 3 primary (past); May 26 primary runoff (past),0,2026-08-20,0
swisher,0,2,yes,no,yes,May 26 primary runoff (past); May 2 uniform (past); Mar 3 primary (past),0,2026-08-07,13
tarrant,3,5,yes,yes,no,Nov 3 general (upcoming),7,2026-08-20,0
taylor,1,5,yes,no,yes,Jun 13 runoff (past); May 26 primary runoff (past); Mar 3 primary (past),0,2026-08-14,6
terrell,0,2,yes,no,yes,May 26 primary runoff (past),0,2026-08-13,7
terry,0,2,yes,no,no,none of the 2026 calendar,0,2026-08-18,2
throckmorton,2,3,yes,yes,no,Nov 3 general (upcoming),1,2026-08-18,2
titus,0,2,yes,no,no,none of the 2026 calendar,0,2026-08-18,2
tom_green,0,5,yes,no,yes,May 26 primary runoff (past); Mar 3 primary (past),0,2026-08-20,0
travis,4,4,yes,yes,yes,May 26 primary runoff (past); Nov 3 general (upcoming); May 2 uniform (past); Mar 3 primary (past),2,2026-08-20,0
trinity,0,3,yes,no,yes,May 26 primary runoff (past),0,2026-08-15,5
tyler,4,4,yes,yes,yes,Nov 3 general (upcoming); Mar 3 primary (past); May 26 primary runoff (past),8,2026-08-18,2
upshur,1,3,yes,no,yes,May 26 primary runoff (past); Mar 3 primary (past); May 2 uniform (past),0,2026-08-14,6
upton,3,2,yes,yes,yes,Nov 3 general (upcoming); May 2 uniform (past); May 26 primary runoff (past); Mar 3 primary (past),2,2026-08-20,0
uvalde,3,5,yes,no,yes,May 2 uniform (past); May 26 primary runoff (past),0,2026-08-18,2
val_verde,1,4,yes,yes,no,Nov 3 general (upcoming),4,2026-08-20,0
van_zandt,1,2,yes,no,yes,May 26 primary runoff (past); May 2 uniform (past); Mar 3 primary (past),0,2026-08-16,4
victoria,3,5,yes,yes,yes,Nov 3 general (upcoming); May 2 uniform (past); May 26 primary runoff (past); Mar 3 primary (past),2,2026-08-18,2
walker,0,2,yes,no,no,none of the 2026 calendar,0,2026-08-15,5
waller,0,3,yes,no,no,none of the 2026 calendar,0,2026-08-15,5
ward,1,2,yes,yes,yes,May 26 primary runoff (past); Nov 3 general (upcoming),1,2026-08-14,6
washington,3,4,yes,yes,yes,May 26 primary runoff (past); Mar 3 primary (past); May 2 uniform (past); Jun 13 runoff (past); Nov 3 general (upcoming),2,2026-08-20,0
webb,1,5,yes,no,yes,May 26 primary runoff (past),0,2026-08-20,0
wharton,2,4,yes,no,yes,May 2 uniform (past); May 26 primary runoff (past),0,2026-08-20,0
wheeler,0,2,yes,no,no,none of the 2026 calendar,0,2026-08-12,8
wichita,3,3,yes,yes,no,Nov 3 general (upcoming),1,2026-08-18,2
wilbarger,0,2,yes,no,no,none of the 2026 calendar,0,2026-08-01,19
willacy,1,2,yes,no,yes,May 2 uniform (past); Mar 3 primary (past),0,2026-08-20,0
williamson,3,4,yes,yes,yes,May 26 primary runoff (past); Mar 3 primary (past); Nov 3 general (upcoming); May 2 uniform (past); Jun 13 runoff (past),5,2026-08-20,0
wilson,3,2,yes,yes,yes,May 2 uniform (past); Nov 3 general (upcoming); May 26 primary runoff (past); Mar 3 primary (past),2,2026-08-20,0
winkler,0,2,yes,no,yes,Mar 3 primary (past),0,2026-08-01,19
wise,3,3,yes,yes,yes,Nov 3 general (upcoming); May 26 primary runoff (past); May 2 uniform (past); Mar 3 primary (past),5,2026-08-15,5
wood,3,5,yes,yes,no,Nov 3 general (upcoming),3,2026-08-20,0
yoakum,2,2,yes,yes,yes,May 26 primary runoff (past); May 2 uniform (past); Mar 3 primary (past); Nov 3 general (upcoming),1,2026-08-04,16
young,2,2,yes,no,yes,May 2 uniform (past),0,2026-08-14,6
zapata,3,3,yes,no,yes,May 26 primary runoff (past); Mar 3 primary (past),0,2026-08-14,6
zavala,0,3,yes,no,no,none of the 2026 calendar,0,2026-08-20,0
