county,batch,page_type,url,external,notes
Hopkins,3,elections,https://www.hopkinscountytx.org/page/hopkins.VoterInfo,false,"found via link ""Voter Information"" score=11"
Hopkins,3,polling,https://www.hopkinscountytx.org/page/hopkins.Elections,false,no standing polling page; using per-election hub page (shared with other types) — review
Hopkins,3,early_voting,https://www.hopkinscountytx.org/page/hopkins.Elections,false,no standing early_voting page; using per-election hub page (shared with other types) — review
Hopkins,3,results,https://newtools.cira.state.tx.us/page/hopkins.ArchivedElections,true,"found via ""Archived Election Results"" score=21"
Houston,3,elections,https://www.co.houston.tx.us/page/houston.Elections,false,"found via link ""Elections"" score=20"
Houston,3,polling,,false,GAP: candidate is non-HTML (application/vnd.openxmlfo) — out of scope
Houston,3,early_voting,,false,GAP: no distinct page found (likely folded into elections page)
Houston,3,results,,false,"GAP: candidate unreachable (https://www.co.houston.tx.us/page/May 2, 2026 Election Day Results)"
Howard,3,elections,https://www.co.howard.tx.us/1239/Elections,false,"found via link ""Elections"" score=20"
Howard,3,polling,https://www.co.howard.tx.us/1240/Election-Information,false,no standing polling page; using per-election hub page (shared with other types) — review
Howard,3,early_voting,https://www.co.howard.tx.us/DocumentCenter/Index/76,false,"found via ""Early Voting Election Reports- Daily Vot"" score=11"
Howard,3,results,,false,GAP: candidate is non-HTML (application/pdf) — out of scope
Hudspeth,3,elections,https://www.co.hudspeth.tx.us/page/Elections%20Home,false,"found via link ""Elections & Voting"" score=25"
Hudspeth,3,polling,,false,GAP: no distinct page found (likely folded into elections page)
Hudspeth,3,early_voting,,false,GAP: no distinct page found (likely folded into elections page)
Hudspeth,3,results,https://www.co.hudspeth.tx.us/page/Elections%20Results%202020-2025,false,"found via ""Elections Results 2025 and Earlier"" score=8"
Hunt,3,elections,https://www.huntcounty.net/page/election,false,"found via link ""Elections & Voting"" score=25"
Hunt,3,polling,,false,GAP: no distinct page found (likely folded into elections page)
Hunt,3,early_voting,,false,GAP: no distinct page found (likely folded into elections page)
Hunt,3,results,https://www.huntcounty.net/page/election.2026,false,"found via ""Election Results 2026"" score=21"
Hutchinson,3,elections,https://www.co.hutchinson.tx.us/page/hutchinson.ElectionInformation,false,"found via link ""Election Information"" score=9"
Hutchinson,3,polling,,false,GAP: no distinct page found (likely folded into elections page)
Hutchinson,3,early_voting,,false,GAP: no distinct page found (likely folded into elections page)
Hutchinson,3,results,,false,GAP: no distinct page found (likely folded into elections page)
Irion,3,elections,https://www.co.irion.tx.us/1205/Elections,false,"found via link ""Elections"" score=15"
Irion,3,polling,,false,GAP: no distinct page found (likely folded into elections page)
Irion,3,early_voting,,false,GAP: no distinct page found (likely folded into elections page)
Irion,3,results,,false,GAP: no distinct page found (likely folded into elections page)
Jack,3,elections,https://www.jackcounty.texas.gov/elections-administrator,false,"found via link ""Elections"" score=24"
Jack,3,polling,,false,GAP: no distinct page found (likely folded into elections page)
Jack,3,early_voting,https://www.jackcounty.texas.gov/elections-administrator/page/early-voting,false,"found via ""Early Voting"" score=11"
Jack,3,results,http://apps.easydoc.jackcounty.org/elections/,true,"found via ""Local Election Returns"" score=17"
Jackson,3,elections,https://www.co.jackson.tx.us/page/VotingElectionInformation,false,"found via link ""Elections & Voting"" score=20"
Jackson,3,polling,,false,GAP: no distinct page found (likely folded into elections page)
Jackson,3,early_voting,,false,GAP: no distinct page found (likely folded into elections page)
Jackson,3,results,https://www.co.jackson.tx.us/page/BidNoticesResults,false,"found via ""Bid Notices & Results"" score=8"
Jasper,3,elections,https://www.co.jasper.tx.us/page/jasper.Elections,false,"found via link ""Elections"" score=20"
Jasper,3,polling,,false,GAP: no distinct page found (likely folded into elections page)
Jasper,3,early_voting,,false,GAP: no distinct page found (likely folded into elections page)
Jasper,3,results,,false,GAP: no distinct page found (likely folded into elections page)
Jeff Davis,3,elections,https://www.jeffdaviscounty.texas.gov/page/jeffdavis.Elections,false,"found via link ""Elections"" score=20"
Jeff Davis,3,polling,,false,GAP: no distinct page found (likely folded into elections page)
Jeff Davis,3,early_voting,,false,GAP: no distinct page found (likely folded into elections page)
Jeff Davis,3,results,,false,GAP: no distinct page found (likely folded into elections page)
Jefferson,3,elections,https://www.jeffcotxvotes.gov,true,"found via link ""Voter Registration"" score=23"
Jefferson,3,polling,https://www.jeffcotxvotes.gov/elections/elections-dept/election-polling-locations/,true,"found via ""Election Polling Locations & Times"" score=19"
Jefferson,3,early_voting,https://www.jeffcotxvotes.gov/event/early-voting-november-election-8/,true,"found via ""Early Voting – November Election"" score=9 (weak match — review)"
Jefferson,3,results,https://www.jeffcotxvotes.gov/elections/history-maps/archived-election-results/,true,"found via ""Archived Election Results"" score=21"
Jim Hogg,3,elections,https://www.co.jim-hogg.tx.us/page/jim-hogg.Elections,false,"found via link ""Elections"" score=20"
Jim Hogg,3,polling,,false,GAP: no distinct page found (likely folded into elections page)
Jim Hogg,3,early_voting,,false,GAP: no distinct page found (likely folded into elections page)
Jim Hogg,3,results,,false,GAP: no distinct page found (likely folded into elections page)
Jim Wells,3,elections,https://jimwellscountyelections.gov/,true,"found via link ""Elections Office"" score=26"
Jim Wells,3,polling,,false,GAP: no distinct page found (likely folded into elections page)
Jim Wells,3,early_voting,,false,GAP: no distinct page found (likely folded into elections page)
Jim Wells,3,results,,false,GAP: no distinct page found (likely folded into elections page)
Johnson,3,elections,,false,GAP: could not crawl — homepage blocked/unreachable (HTTP 403); needs manual URL discovery
Johnson,3,polling,,false,GAP: could not crawl — homepage blocked/unreachable (HTTP 403); needs manual URL discovery
Johnson,3,early_voting,,false,GAP: could not crawl — homepage blocked/unreachable (HTTP 403); needs manual URL discovery
Johnson,3,results,,false,GAP: could not crawl — homepage blocked/unreachable (HTTP 403); needs manual URL discovery
Jones,3,elections,https://www.co.jones.tx.us/page/jones.Elections,false,"found via link ""Elections"" score=20"
Jones,3,polling,,false,GAP: no distinct page found (likely folded into elections page)
Jones,3,early_voting,,false,GAP: no distinct page found (likely folded into elections page)
Jones,3,results,,false,GAP: no distinct page found (likely folded into elections page)
Karnes,3,elections,https://www.co.karnes.tx.us/page/karnes.Elections,false,"found via link ""Elections/Voter Info"" score=20"
Karnes,3,polling,,false,GAP: no distinct page found (likely folded into elections page)
Karnes,3,early_voting,,false,GAP: no distinct page found (likely folded into elections page)
Karnes,3,results,,false,GAP: no distinct page found (likely folded into elections page)
Kaufman,3,elections,https://www.kaufmancounty.net/237/Elections,false,"found via link ""Elections"" score=20"
Kaufman,3,polling,https://www.kaufmancounty.net/434/CURRENT-ELECTION-INFORMATION,false,no standing polling page; using per-election hub page (shared with other types) — review
Kaufman,3,early_voting,https://www.kaufmancounty.net/434/CURRENT-ELECTION-INFORMATION,false,no standing early_voting page; using per-election hub page (shared with other types) — review
Kaufman,3,results,https://www.kaufmancounty.net/436/ELECTION-RESULTS,false,"found via ""ELECTION RESULTS"" score=21"
Kendall,3,elections,https://www.kendallcountytx.gov/211/Elections,false,"found via link ""Elections"" score=20"
Kendall,3,polling,https://www.kendallcountytx.gov/262/Current-Election-Information,false,no standing polling page; using per-election hub page (shared with other types) — review
Kendall,3,early_voting,https://www.kendallcountytx.gov/262/Current-Election-Information,false,no standing early_voting page; using per-election hub page (shared with other types) — review
Kendall,3,results,https://www.kendallcountytx.gov/219/Election-Results-Maps,false,"found via ""Election Results & Maps"" score=21"
Kent,3,elections,https://www.co.kent.tx.us/page/kent.Elections,false,"found via link ""Elections"" score=20"
Kent,3,polling,,false,GAP: candidate is non-HTML (application/vnd.openxmlfo) — out of scope
Kent,3,early_voting,,false,GAP: no distinct page found (likely folded into elections page)
Kent,3,results,,false,GAP: no distinct page found (likely folded into elections page)
Kimble,3,elections,https://www.co.kimble.tx.us/page/Elections,false,"found via link ""Elections & Voting"" score=25"
Kimble,3,polling,,false,GAP: no distinct page found (likely folded into elections page)
Kimble,3,early_voting,,false,GAP: no distinct page found (likely folded into elections page)
Kimble,3,results,,false,GAP: no distinct page found (likely folded into elections page)
Kinney,3,elections,https://www.co.kinney.tx.us/page/Elections,false,"found via link ""Elections - Home"" score=12"
Kinney,3,polling,,false,GAP: no distinct page found (likely folded into elections page)
Kinney,3,early_voting,,false,GAP: no distinct page found (likely folded into elections page)
Kinney,3,results,https://www.co.kinney.tx.us/page/Elections.2026,false,"found via ""2026 Election Results"" score=21"
Kleberg,3,elections,https://www.co.kleberg.tx.us/page/kleberg.Elections,false,"found via link ""Elections"" score=20"
Kleberg,3,polling,,false,GAP: candidate is non-HTML (application/msword) — out of scope
Kleberg,3,early_voting,,false,GAP: no distinct page found (likely folded into elections page)
Kleberg,3,results,,false,GAP: no distinct page found (likely folded into elections page)
Knox,3,elections,https://www.knoxcountytexas.org/page/knox.elections,false,"found via link ""Elections"" score=20"
Knox,3,polling,,false,GAP: no distinct page found (likely folded into elections page)
Knox,3,early_voting,,false,GAP: no distinct page found (likely folded into elections page)
Knox,3,results,,false,GAP: no distinct page found (likely folded into elections page)
Lamar,3,elections,https://www.lamarcountytx.gov/1206/Elections,false,"found via link ""Elections"" score=20 [via 1194 page]"
Lamar,3,polling,,false,GAP: candidate is non-HTML (application/vnd.openxmlfo) — out of scope
Lamar,3,early_voting,,false,GAP: candidate is non-HTML (application/vnd.openxmlfo) — out of scope
Lamar,3,results,https://results.enr.clarityelections.com/TX/Lamar/,true,"found via ""Election Results"" score=21"
Lamb,3,elections,https://www.co.lamb.tx.us/page/lamb.ElectionsHome,false,"found via link ""Elections"" score=20"
Lamb,3,polling,,false,GAP: no distinct page found (likely folded into elections page)
Lamb,3,early_voting,,false,GAP: no distinct page found (likely folded into elections page)
Lamb,3,results,,false,GAP: no distinct page found (likely folded into elections page)
Lampasas,3,elections,https://www.co.lampasas.tx.us/page/lampasas.testpage2,false,"found via link ""Elections"" score=20"
Lampasas,3,polling,,false,GAP: no distinct page found (likely folded into elections page)
Lampasas,3,early_voting,,false,GAP: no distinct page found (likely folded into elections page)
Lampasas,3,results,,false,GAP: no distinct page found (likely folded into elections page)
La Salle,3,elections,https://www.co.la-salle.tx.us/index.php/offices/election-board,false,"found via link ""ELECTIONS DEPARTMENT"" score=20"
La Salle,3,polling,https://www.co.la-salle.tx.us/index.php/offices/election-board?view=article&id=289:general-election-for-november-8-2022%20&catid=78,false,no standing polling page; using per-election hub page (shared with other types) — review
La Salle,3,early_voting,https://www.co.la-salle.tx.us/index.php/offices/election-board?view=article&id=248:early-voting-rosters-march-2020&catid=78:government,false,"found via ""Early Voting Rosters"" score=11"
La Salle,3,results,https://www.co.la-salle.tx.us/index.php/offices/election-board?view=article&id=251:march-2020-primary-election-results&catid=78:government,false,"found via ""Election Results"" score=21"
Lavaca,3,elections,https://www.co.lavaca.tx.us/page/Elections,false,"found via link ""Elections"" score=20"
Lavaca,3,polling,https://www.co.lavaca.tx.us/page/Elections.Official-Polling-Locations,false,"found via ""Polling Locations"" score=21"
Lavaca,3,early_voting,,false,GAP: candidate is non-HTML (application/vnd.openxmlfo) — out of scope
Lavaca,3,results,,false,GAP: candidate is non-HTML (image/jpeg) — out of scope
Lee,3,elections,https://www.co.lee.tx.us/page/lee.Elections,false,"found via link ""Elections Administrator"" score=20"
Lee,3,polling,https://www.co.lee.tx.us/page/lee.Elections2024,false,no standing polling page; using per-election hub page (shared with other types) — review
Lee,3,early_voting,https://www.co.lee.tx.us/page/lee.Elections2024,false,no standing early_voting page; using per-election hub page (shared with other types) — review
Lee,3,results,,false,GAP: no county-specific page found (best candidate was an unrelated third-party site)
Leon,3,elections,https://www.co.leon.tx.us/page/leon.Elections,false,"found via link ""Elections"" score=20"
Leon,3,polling,,false,GAP: candidate is non-HTML (application/vnd.openxmlfo) — out of scope
Leon,3,early_voting,,false,GAP: candidate is non-HTML (application/vnd.openxmlfo) — out of scope
Leon,3,results,,false,GAP: candidate is non-HTML (application/vnd.openxmlfo) — out of scope
Liberty,3,elections,https://www.co.liberty.tx.us/page/liberty.elections,false,"found via link ""Election Information"" score=12"
Liberty,3,polling,https://www.co.liberty.tx.us/page/liberty.elections.2026-11-03,false,no standing polling page; using per-election hub page (shared with other types) — review
Liberty,3,early_voting,https://www.co.liberty.tx.us/page/liberty.elections.2026-11-03,false,no standing early_voting page; using per-election hub page (shared with other types) — review
Liberty,3,results,https://www.co.liberty.tx.us/page/liberty.elections.past.historical,false,"found via ""HISTORICAL ELECTION RESULTS"" score=21"
Limestone,3,elections,https://www.co.limestone.tx.us/page/limestone.Elections,false,"found via link ""Elections"" score=20"
Limestone,3,polling,,false,GAP: no county-specific page found (best candidate was an unrelated third-party site)
Limestone,3,early_voting,,false,GAP: no distinct page found (likely folded into elections page)
Limestone,3,results,https://colimestone.sharepoint.com/sites/ArchivedElectionResults/Shared%20Documents/Forms/AllItems.aspx?id=%2Fsites%2FArchivedElectionResults%2FShared%20Documents%2FElection%20Results&p=true&ga=1,true,"found via ""ARCHIVED ELECTION RESULTS"" score=21"
Lipscomb,3,elections,https://www.co.lipscomb.tx.us/page/lipscomb.ElectionInformation,false,"found via link ""Election Information"" score=9"
Lipscomb,3,polling,,false,GAP: candidate is non-HTML (text/plain) — out of scope
Lipscomb,3,early_voting,,false,GAP: candidate is non-HTML (text/plain) — out of scope
Lipscomb,3,results,,false,GAP: candidate is non-HTML (text/plain) — out of scope
Live Oak,3,elections,https://www-vote411-org.translate.goog/?_x_tr_sl=auto&_x_tr_tl=es&_x_tr_hl=en,true,"dedicated elections portal, reached via liveoak.Elections"
Live Oak,3,polling,,false,GAP: no distinct page found (likely folded into elections page)
Live Oak,3,early_voting,,false,GAP: no distinct page found (likely folded into elections page)
Live Oak,3,results,https://www.co.live-oak.tx.us/page/liveoak.Results,false,"found via ""Results"" score=8"
Lynn,3,elections,https://www.co.lynn.tx.us/page/lynn.Elections,false,"found via link ""Elections"" score=20"
Lynn,3,polling,,false,GAP: no distinct page found (likely folded into elections page)
Lynn,3,early_voting,,false,GAP: no distinct page found (likely folded into elections page)
Lynn,3,results,,false,GAP: no distinct page found (likely folded into elections page)
Madison,3,elections,https://www.co.madison.tx.us/page/madison.Elections,false,"found via link ""Elections"" score=20"
Madison,3,polling,,false,GAP: candidate is non-HTML (application/vnd.openxmlfo) — out of scope
Madison,3,early_voting,,false,GAP: candidate is non-HTML (application/vnd.openxmlfo) — out of scope
Madison,3,results,,false,GAP: no distinct page found (likely folded into elections page)
Marion,3,elections,https://marioncountytaxoffice.com/elections/,true,"found via link ""Elections"" score=18"
Marion,3,polling,https://marioncountytaxoffice.com/november-5-2024-general-election/,true,no standing polling page; using per-election hub page (shared with other types) — review
Marion,3,early_voting,https://marioncountytaxoffice.com/november-5-2024-general-election/,true,no standing early_voting page; using per-election hub page (shared with other types) — review
Marion,3,results,,false,GAP: no distinct page found (likely folded into elections page)
Martin,3,elections,https://www.martincountytx.com/m/faq?cat=15#question-65,false,"found via link ""How do I know if I am registered to vote"" score=3 (weak match — review)"
Martin,3,polling,,false,GAP: no distinct page found (likely folded into elections page)
Martin,3,early_voting,,false,GAP: no distinct page found (likely folded into elections page)
Martin,3,results,,false,GAP: no distinct page found (likely folded into elections page)
Mason,3,elections,https://www.co.mason.tx.us/page/mason.Elections,false,"found via link ""Elections"" score=20"
Mason,3,polling,,false,GAP: no distinct page found (likely folded into elections page)
Mason,3,early_voting,,false,GAP: no distinct page found (likely folded into elections page)
Mason,3,results,,false,GAP: no distinct page found (likely folded into elections page)
Matagorda,3,elections,https://www.matagordatx.gov/page/Elections,false,"found via link ""Elections Office"" score=28"
Matagorda,3,polling,,false,GAP: no county-specific page found (best candidate was an unrelated third-party site)
Matagorda,3,early_voting,,false,GAP: no distinct page found (likely folded into elections page)
Matagorda,3,results,,false,GAP: no distinct page found (likely folded into elections page)
Maverick,3,elections,https://co.maverick.tx.us/elections,false,"found via link ""Elections"" score=20"
Maverick,3,polling,,false,GAP: no distinct page found (likely folded into elections page)
Maverick,3,early_voting,,false,GAP: no distinct page found (likely folded into elections page)
Maverick,3,results,,false,GAP: no distinct page found (likely folded into elections page)
McCulloch,3,elections,https://www.co.mcculloch.tx.us/page/mcculloch.ElectionInfo,false,"found via link ""ELECTION INFO"" score=6"
McCulloch,3,polling,"https://www.co.mcculloch.tx.us/page/November%205th,%202024%20General%20Election",false,no standing polling page; using per-election hub page (shared with other types) — review
McCulloch,3,early_voting,"https://www.co.mcculloch.tx.us/page/November%205th,%202024%20General%20Election",false,no standing early_voting page; using per-election hub page (shared with other types) — review
McCulloch,3,results,,false,GAP: no distinct page found (likely folded into elections page)
McLennan,3,elections,https://www.mclennan.gov/337/Elections,false,"found via link ""Elections Read up-to-date information"" score=7"
McLennan,3,polling,https://www.mclennan.gov/383/Vote-CentersPolling-Locations,false,"found via ""Vote Centers/Polling Locations"" score=31"
McLennan,3,early_voting,https://www.mclennan.gov/546/Current-Election-Results,false,no standing early_voting page; using per-election hub page (shared with other types) — review
McLennan,3,results,https://www.mclennan.gov/406/Past-Elections-Results,false,"found via ""Click here to view past election results"" score=21"
McMullen,3,elections,https://mcmullencounty.org/elections/,false,"found via link ""Elections"" score=20"
McMullen,3,polling,,false,GAP: no distinct page found (likely folded into elections page)
McMullen,3,early_voting,,false,GAP: candidate is non-HTML (application/vnd.openxmlfo) — out of scope
McMullen,3,results,,false,GAP: candidate is non-HTML (image/jpeg) — out of scope
Menard,3,elections,https://www.co.menard.tx.us/page/menard.Elections,false,"found via link ""Elections"" score=20"
Menard,3,polling,,false,GAP: no distinct page found (likely folded into elections page)
Menard,3,early_voting,,false,GAP: no distinct page found (likely folded into elections page)
Menard,3,results,,false,GAP: no distinct page found (likely folded into elections page)
Midland,3,elections,https://votemidlandtx.gov/,true,"found via link ""Elections"" score=24"
Midland,3,polling,https://votemidlandtx.gov/election-information/current-upcoming-elections/,true,no standing polling page; using per-election hub page (shared with other types) — review
Midland,3,early_voting,https://votemidlandtx.gov/election-information/current-upcoming-elections/,true,no standing early_voting page; using per-election hub page (shared with other types) — review
Midland,3,results,https://votemidlandtx.gov/archived-election-results/,true,"found via ""Election Results"" score=21"
Milam,3,elections,https://www.milamcounty.net/departments/elections_and_voter_registrar/index.php,false,"found via link ""Elections"" score=23"
Milam,3,polling,https://www.milamcounty.net/departments/elections_and_voter_registrar/polling_locations.php,false,"found via ""Polling Locations"" score=21"
Milam,3,early_voting,,false,GAP: candidate unreachable (https://www.milamcounty.net/departments/elections_and_voter_registrar/05.02.2026 DAILY EARLY VOTING ROSTER DAY 6.xlsx?t=202604281808090)
Milam,3,results,https://www.milamcounty.net/departments/elections_and_voter_registrar/election_results.php,false,"found via ""Election Results"" score=21"
Mills,3,elections,https://www.millscountytx.gov/page/Elections.Home,false,"found via link ""Elections & Voting"" score=25"
Mills,3,polling,,false,GAP: no distinct page found (likely folded into elections page)
Mills,3,early_voting,,false,GAP: no distinct page found (likely folded into elections page)
Mills,3,results,,false,GAP: no distinct page found (likely folded into elections page)
Mitchell,3,elections,https://www.co.mitchell.tx.us/page/Elections,false,"found via link ""Elections"" score=20"
Mitchell,3,polling,,false,GAP: no distinct page found (likely folded into elections page)
Mitchell,3,early_voting,,false,GAP: no distinct page found (likely folded into elections page)
Mitchell,3,results,,false,GAP: no distinct page found (likely folded into elections page)
Montague,3,elections,https://www.co.montague.tx.us/page/montague.Elections,false,"found via link ""Elections"" score=20"
Montague,3,polling,https://www.co.montague.tx.us/page/montague.PollingTimes,false,"found via ""Polling Times & Locations"" score=9"
Montague,3,early_voting,https://www.co.montague.tx.us/page/montague.EarlyVotingRosters,false,"found via ""Early Voting Rosters"" score=11"
Montague,3,results,https://www.co.montague.tx.us/page/montague.ElectionResults,false,"found via ""Election Results"" score=21"
Montgomery,3,elections,https://elections.mctx.org,false,"found via link ""Elections"" score=32"
Montgomery,3,polling,,false,GAP: no distinct page found (likely folded into elections page)
Montgomery,3,early_voting,https://elections.mctx.org/evPolls.asp?ELID=96&curLang=English&ElectionId=CON061326,false,"found via ""Early Voting Locations & Times"" score=24"
Montgomery,3,results,https://elections.mctx.org/ElectionResults.asp,false,"found via ""Montgomery County Election Results"" score=21"
Moore,3,elections,https://www.co.moore.tx.us/page/moore.Elections,false,"found via link ""Elections"" score=20"
Moore,3,polling,,false,GAP: candidate is non-HTML (application/msword) — out of scope
Moore,3,early_voting,,false,GAP: candidate unreachable (https://www.co.moore.tx.us/upload/page/4507/2023/early_voting_locations_english.docx)
Moore,3,results,,false,GAP: no distinct page found (likely folded into elections page)
Morris,3,elections,https://www.co.morris.tx.us/page/morris.COUNTY%20Election%20Information,false,"found via link ""Elections"" score=15"
Morris,3,polling,,false,GAP: no distinct page found (likely folded into elections page)
Morris,3,early_voting,,false,GAP: candidate is non-HTML (text/plain) — out of scope
Morris,3,results,,false,GAP: no distinct page found (likely folded into elections page)
Motley,3,elections,https://www.co.motley.tx.us/page/motley.Elections,false,"found via link ""Elections"" score=20 [via motley.County.Clerk page]"
Motley,3,polling,,false,GAP: no distinct page found (likely folded into elections page)
Motley,3,early_voting,,false,GAP: no distinct page found (likely folded into elections page)
Motley,3,results,,false,GAP: candidate is non-HTML (application/vnd.openxmlfo) — out of scope
Nacogdoches,3,elections,https://www.nacogdochesco.gov/164/Election-Results,false,"found via link ""Elections Click here to see the results!"" score=9"
Nacogdoches,3,polling,,false,GAP: candidate unreachable (https://www.nacogdochesco.gov/DocumentCenter/View/129/2026-05-26---Total-Votes-Cast-at-Each-Polling-Location)
Nacogdoches,3,early_voting,,false,GAP: no distinct page found (likely folded into elections page)
Nacogdoches,3,results,,false,GAP: candidate is non-HTML (application/pdf) — out of scope
Navarro,3,elections,https://www.co.navarro.tx.us/page/Elections,false,"found via link ""Elections & Voting"" score=25"
Navarro,3,polling,,false,GAP: no distinct page found (likely folded into elections page)
Navarro,3,early_voting,,false,GAP: no distinct page found (likely folded into elections page)
Navarro,3,results,,false,GAP: no distinct page found (likely folded into elections page)
Newton,3,elections,https://www.co.newton.tx.us/page/newton.voterregistration,false,"found via link ""Voter Registration"" score=13"
Newton,3,polling,,false,GAP: no distinct page found (likely folded into elections page)
Newton,3,early_voting,,false,GAP: no distinct page found (likely folded into elections page)
Newton,3,results,,false,GAP: no distinct page found (likely folded into elections page)
Nolan,3,elections,https://www.co.nolan.tx.us/page/nolan.Elections,false,"found via link ""Elections/Elecciones"" score=12 [via headless render]"
Nolan,3,polling,,false,GAP: no distinct page found (likely folded into elections page)
Nolan,3,early_voting,,false,GAP: no distinct page found (likely folded into elections page)
Nolan,3,results,,false,GAP: no distinct page found (likely folded into elections page)
Nueces,3,elections,,false,GAP: could not crawl — homepage blocked/unreachable (HTTP 403); needs manual URL discovery
Nueces,3,polling,,false,GAP: could not crawl — homepage blocked/unreachable (HTTP 403); needs manual URL discovery
Nueces,3,early_voting,,false,GAP: could not crawl — homepage blocked/unreachable (HTTP 403); needs manual URL discovery
Nueces,3,results,,false,GAP: could not crawl — homepage blocked/unreachable (HTTP 403); needs manual URL discovery
Ochiltree,3,elections,https://www.co.ochiltree.tx.us/page/ochiltree.Elections,false,"found via link ""Elections"" score=20"
Ochiltree,3,polling,,false,GAP: no distinct page found (likely folded into elections page)
Ochiltree,3,early_voting,,false,GAP: candidate is non-HTML (text/plain) — out of scope
Ochiltree,3,results,,false,GAP: no distinct page found (likely folded into elections page)
Oldham,3,elections,https://www.co.oldham.tx.us/page/Elections.Home,false,"found via link ""Elections & Voting"" score=25"
Oldham,3,polling,,false,GAP: no distinct page found (likely folded into elections page)
Oldham,3,early_voting,,false,GAP: no distinct page found (likely folded into elections page)
Oldham,3,results,,false,GAP: no distinct page found (likely folded into elections page)
Orange,3,elections,https://www.co.orange.tx.us/directory/ElectionsAdministration,false,"found via link ""Elections Administration"" score=20 [via directory page]"
Orange,3,polling,,false,GAP: no distinct page found (likely folded into elections page)
Orange,3,early_voting,https://www.co.orange.tx.us/EarlyVotingTotals,false,"found via ""Early Voting Totals"" score=11"
Orange,3,results,https://www.co.orange.tx.us/ElectionResults,false,"found via ""Election Results"" score=21"
Palo Pinto,3,elections,https://www.co.palo-pinto.tx.us/page/Elections,false,"found via link ""Elections"" score=20"
Palo Pinto,3,polling,,false,GAP: no distinct page found (likely folded into elections page)
Palo Pinto,3,early_voting,,false,GAP: no distinct page found (likely folded into elections page)
Palo Pinto,3,results,https://www.co.palo-pinto.tx.us/page/ELECTIONRESULTS,false,"found via ""Election Results"" score=21"
Panola,3,elections,https://www.co.panola.tx.us/1201/Elections,false,"found via link ""Elections"" score=20"
Panola,3,polling,,false,GAP: candidate is non-HTML (application/pdf) — out of scope
Panola,3,early_voting,,false,GAP: candidate is non-HTML (application/pdf) — out of scope
Panola,3,results,,false,GAP: candidate is non-HTML (application/pdf) — out of scope
Parker,3,elections,https://www.parkercountytx.gov/Directory.aspx?did=43,false,"found via link ""Elections"" score=20 [via directory page]"
Parker,3,polling,,false,GAP: candidate is non-HTML (application/pdf) — out of scope
Parker,3,early_voting,,false,GAP: no distinct page found (likely folded into elections page)
Parker,3,results,,false,GAP: no distinct page found (likely folded into elections page)
Parmer,3,elections,https://parmercounty.texas.gov/?page_id=334,false,"found via link ""Elections"" score=20"
Parmer,3,polling,,false,GAP: no distinct page found (likely folded into elections page)
Parmer,3,early_voting,,false,GAP: no distinct page found (likely folded into elections page)
Parmer,3,results,,false,GAP: no distinct page found (likely folded into elections page)
Pecos,3,elections,https://www.co.pecos.tx.us/election-information/,false,"found via link ""Election Information"" score=9"
Pecos,3,polling,https://www.co.pecos.tx.us/pecos-county-precinct-map/,false,"found via ""Pecos County Precinct Map"" score=5 (weak match — review)"
Pecos,3,early_voting,https://www.co.pecos.tx.us/general-voter-election-information/,false,no standing early_voting page; using per-election hub page (shared with other types) — review
Pecos,3,results,,false,GAP: no distinct page found (likely folded into elections page)
Polk,3,elections,https://www.polktx.gov/313/Elections,false,"found via link ""Elections"" score=20"
Polk,3,polling,,false,GAP: candidate is non-HTML (application/pdf) — out of scope
Polk,3,early_voting,,false,GAP: candidate unreachable (https://www.polktx.gov/DocumentCenter/View/941)
Polk,3,results,https://www.polktx.gov/389/Election-Results,false,"found via ""Election Results"" score=21"
Potter,3,elections,https://www-pottercountytexasvotes-gov.translate.goog/?_x_tr_sl=auto&_x_tr_tl=en&_x_tr_hl=en&_x_tr_pto=wapp&_x_tr_hist=true,true,"dedicated elections portal, reached via www.pottercountytexasvotes.gov"
Potter,3,polling,https://www-pottercountytexasvotes-gov.translate.goog/copy-of-where-to-vote?_x_tr_sl=auto&_x_tr_tl=en&_x_tr_hl=en&_x_tr_pto=wapp,true,no standing polling page; using per-election hub page (shared with other types) — review
Potter,3,early_voting,https://www-pottercountytexasvotes-gov.translate.goog/early-voting-locations?_x_tr_sl=auto&_x_tr_tl=en&_x_tr_hl=en&_x_tr_pto=wapp,true,"found via ""Early Voting Locations"" score=22"
Potter,3,results,https://www-pottercountytexasvotes-gov.translate.goog/archived-election-results?_x_tr_sl=auto&_x_tr_tl=en&_x_tr_hl=en&_x_tr_pto=wapp,true,"found via ""Archived Election Results"" score=21"
Rains,3,elections,https://www.co.rains.tx.us/page/rains.Elections,false,"found via link ""Elections Department"" score=20"
Rains,3,polling,,false,GAP: no distinct page found (likely folded into elections page)
Rains,3,early_voting,,false,GAP: no distinct page found (likely folded into elections page)
Rains,3,results,,false,GAP: no distinct page found (likely folded into elections page)
Randall,3,elections,https://www.randallcounty.gov/171/Voter-Registration,false,"found via link ""Voter Registration"" score=13"
Randall,3,polling,,false,GAP: no distinct page found (likely folded into elections page)
Randall,3,early_voting,,false,GAP: no distinct page found (likely folded into elections page)
Randall,3,results,,false,GAP: no distinct page found (likely folded into elections page)
Reagan,3,elections,https://www.co.reagan.tx.us/page/reagan.Elections,false,"found via link ""Elections"" score=20"
Reagan,3,polling,,false,GAP: candidate is non-HTML (application/vnd.openxmlfo) — out of scope
Reagan,3,early_voting,,false,GAP: no distinct page found (likely folded into elections page)
Reagan,3,results,,false,GAP: candidate is non-HTML (application/vnd.openxmlfo) — out of scope
Real,3,elections,https://www.co.real.tx.us/page/real.Elections,false,"found via link ""Elections"" score=20"
Real,3,polling,,false,GAP: no distinct page found (likely folded into elections page)
Real,3,early_voting,,false,GAP: no distinct page found (likely folded into elections page)
Real,3,results,,false,GAP: no distinct page found (likely folded into elections page)
Red River,3,elections,https://www.co.red-river.tx.us/page/redriver.ElectionsCountyClerk,false,"found via link ""Elections - County Clerk"" score=12"
Red River,3,polling,,false,GAP: no distinct page found (likely folded into elections page)
Red River,3,early_voting,,false,GAP: no distinct page found (likely folded into elections page)
Red River,3,results,,false,GAP: no distinct page found (likely folded into elections page)
Reeves,3,elections,,false,GAP: could not crawl — homepage blocked/unreachable (HTTP 403); needs manual URL discovery
Reeves,3,polling,,false,GAP: could not crawl — homepage blocked/unreachable (HTTP 403); needs manual URL discovery
Reeves,3,early_voting,,false,GAP: could not crawl — homepage blocked/unreachable (HTTP 403); needs manual URL discovery
Reeves,3,results,,false,GAP: could not crawl — homepage blocked/unreachable (HTTP 403); needs manual URL discovery
Refugio,3,elections,https://www.co.refugio.tx.us/page/refugio.Elections,false,"found via link ""Elections"" score=20"
Refugio,3,polling,https://www.co.refugio.tx.us/page/refugio.Elections.CurrentElections,false,no standing polling page; using per-election hub page (shared with other types) — review
Refugio,3,early_voting,https://www.co.refugio.tx.us/page/refugio.Elections.CurrentElections,false,no standing early_voting page; using per-election hub page (shared with other types) — review
Refugio,3,results,https://www.co.refugio.tx.us/page/refugio.Elections.ElectionResults,false,"found via ""Election Results"" score=21"
Robertson,3,elections,https://www.co.robertson.tx.us/page/robertson.Elections,false,"found via link ""Elections"" score=20"
Robertson,3,polling,,false,GAP: no distinct page found (likely folded into elections page)
Robertson,3,early_voting,,false,GAP: no county-specific page found (best candidate was an unrelated third-party site)
Robertson,3,results,https://results.enr.clarityelections.com/TX/Robertson/,true,"found via ""COUNTY-WIDE RESULTS"" score=8 [normalized to stable Clarity index]"
Rockwall,3,elections,https://www.rockwallvotes.com/,true,"found via link ""Election Information"" score=20"
Rockwall,3,polling,https://www.rockwallvotes.com/election-information/,true,no standing polling page; using per-election hub page (shared with other types) — review
Rockwall,3,early_voting,https://www.rockwallvotes.com/election-information/,true,no standing early_voting page; using per-election hub page (shared with other types) — review
Rockwall,3,results,https://results.enr.clarityelections.com/TX/Rockwall/,true,"found via ""Election Results"" score=21"
Runnels,3,elections,https://www.runnelscounty.org/page/runnels.Elections,false,"found via link ""Elections"" score=20"
Runnels,3,polling,,false,GAP: no distinct page found (likely folded into elections page)
Runnels,3,early_voting,,false,GAP: no distinct page found (likely folded into elections page)
Runnels,3,results,,false,GAP: no distinct page found (likely folded into elections page)
Rusk,3,elections,https://www.ruskcountytx.gov/page/rusk.Elections,false,"found via link ""Elections"" score=20"
Rusk,3,polling,,false,GAP: no distinct page found (likely folded into elections page)
Rusk,3,early_voting,,false,GAP: no distinct page found (likely folded into elections page)
Rusk,3,results,https://results.enr.clarityelections.com/TX/Rusk/,true,"found via ""https://results.enr.clarityelections.com"" score=8"
Sabine,3,elections,https://www.co.sabine.tx.us/page/sabine.Elections,false,"found via link ""Elections"" score=20"
Sabine,3,polling,https://www.co.sabine.tx.us/page/sabine.Elections%20Additional%20Information,false,no standing polling page; using per-election hub page (shared with other types) — review
Sabine,3,early_voting,https://www.co.sabine.tx.us/page/sabine.Elections%20Additional%20Information,false,no standing early_voting page; using per-election hub page (shared with other types) — review
Sabine,3,results,https://www.co.sabine.tx.us/page/sabine.Election%20Results,false,"found via ""Election Results & Required Postings"" score=21"
San Augustine,3,elections,https://www.co.san-augustine.tx.us/page/sanaugustine.Elections,false,"found via link ""Elections Administration"" score=20"
San Augustine,3,polling,,false,GAP: candidate is non-HTML (application/vnd.openxmlfo) — out of scope
San Augustine,3,early_voting,,false,GAP: no distinct page found (likely folded into elections page)
San Augustine,3,results,,false,GAP: no distinct page found (likely folded into elections page)
San Jacinto,3,elections,https://www.co.san-jacinto.tx.us/page/sanjacinto.Elections,false,"found via link ""Elections"" score=20"
San Jacinto,3,polling,,false,GAP: no distinct page found (likely folded into elections page)
San Jacinto,3,early_voting,,false,GAP: no distinct page found (likely folded into elections page)
San Jacinto,3,results,,false,GAP: no distinct page found (likely folded into elections page)
San Patricio,3,elections,https://www.sanpatriciocountytx.gov/page/elections.home,false,"found via link ""Elections"" score=20"
San Patricio,3,polling,,false,GAP: no distinct page found (likely folded into elections page)
San Patricio,3,early_voting,,false,GAP: no distinct page found (likely folded into elections page)
San Patricio,3,results,https://www.sanpatriciocountytx.gov/page/elections.results.archive.06,false,"found via ""Election Results 2006-2015"" score=21"
San Saba,3,elections,https://www.co.san-saba.tx.us/page/sansaba.Elections,false,"found via link ""Elections"" score=20"
San Saba,3,polling,,false,GAP: no distinct page found (likely folded into elections page)
San Saba,3,early_voting,,false,GAP: no distinct page found (likely folded into elections page)
San Saba,3,results,,false,GAP: no distinct page found (likely folded into elections page)
Schleicher,3,elections,https://www.schleichercounty.gov/page/Elections,false,"found via link ""Elections & Voting"" score=25"
Schleicher,3,polling,,false,GAP: no distinct page found (likely folded into elections page)
Schleicher,3,early_voting,,false,GAP: no distinct page found (likely folded into elections page)
Schleicher,3,results,,false,GAP: no distinct page found (likely folded into elections page)
Scurry,3,elections,https://www.co.scurry.tx.us/page/Elections,false,"found via link ""Elections"" score=20"
Scurry,3,polling,https://www.co.scurry.tx.us/page/elections.information,false,no standing polling page; using per-election hub page (shared with other types) — review
Scurry,3,early_voting,https://www.co.scurry.tx.us/page/elections.information,false,no standing early_voting page; using per-election hub page (shared with other types) — review
Scurry,3,results,,false,GAP: candidate is non-HTML (image/jpeg) — out of scope
Shackelford,3,elections,https://www.shackelfordcounty.org/page/shackelford.Elections,false,"found via link ""Elections"" score=20"
Shackelford,3,polling,,false,GAP: no distinct page found (likely folded into elections page)
Shackelford,3,early_voting,,false,GAP: no distinct page found (likely folded into elections page)
Shackelford,3,results,,false,GAP: no distinct page found (likely folded into elections page)
Shelby,3,elections,https://www.co.shelby.tx.us/page/shelby.Elections,false,"found via link ""Elections"" score=20"
Shelby,3,polling,,false,GAP: candidate is non-HTML (application/vnd.openxmlfo) — out of scope
Shelby,3,early_voting,,false,GAP: candidate is non-HTML (application/vnd.openxmlfo) — out of scope
Shelby,3,results,,false,GAP: candidate is non-HTML (application/vnd.ms-excel) — out of scope
Sherman,3,elections,https://www.shermancountytx.gov/page/Elections.Home,false,"found via link ""Elections & Voting"" score=25"
Sherman,3,polling,,false,GAP: no distinct page found (likely folded into elections page)
Sherman,3,early_voting,,false,GAP: no distinct page found (likely folded into elections page)
Sherman,3,results,https://www.shermancountytx.gov/page/Elections.CampaignFinance,false,"found via ""Campaign Finance & Historical Election R"" score=21"
Smith,3,elections,https://www.smith-county.com/227/Voter-Registration,false,"found via link ""Voter Registration"" score=13"
Smith,3,polling,https://www.smith-county.com/228/Precinct-Maps,false,"found via ""Precinct Maps"" score=5 (weak match — review)"
Smith,3,early_voting,https://www.smith-county.com/233/Current-Election-Information,false,no standing early_voting page; using per-election hub page (shared with other types) — review
Smith,3,results,https://www.smith-county.com/236/Current-Election-Results,false,"found via ""Current Election Results"" score=21"
Somervell,3,elections,https://www.somervell.co/160/Elections,false,"found via link ""Elections"" score=20 [via Government page]"
Somervell,3,polling,,false,GAP: no distinct page found (likely folded into elections page)
Somervell,3,early_voting,,false,GAP: no distinct page found (likely folded into elections page)
Somervell,3,results,https://www.somervell.co/161/Past-Election-Results,false,"found via ""Past Election Results - Somervell County"" score=21"
Starr,3,elections,https://www.harrisvotes.com/Voter/ID,true,"dedicated elections portal, reached via Elections"
Starr,3,polling,https://www.harrisvotes.com/Vote-Centers,true,"found via ""Find a Vote Center"" score=18"
Starr,3,early_voting,https://www.harrisvotes.com/Voter/View-information-for-upcoming-Elections,true,no standing early_voting page; using per-election hub page (shared with other types) — review
Starr,3,results,https://www.harrisvotes.com/Election-Results,true,"found via ""Election Results"" score=21"
Stephens,3,elections,https://www.co.stephens.tx.us/page/stephens.Elections,false,"found via link ""Elections"" score=20"
Stephens,3,polling,,false,GAP: no distinct page found (likely folded into elections page)
Stephens,3,early_voting,,false,GAP: no distinct page found (likely folded into elections page)
Stephens,3,results,,false,GAP: no distinct page found (likely folded into elections page)
Sterling,3,elections,https://www.sterlingcotx.gov/page/Elections%202026,false,"found via link ""Elections 2026"" score=12"
Sterling,3,polling,,false,GAP: no distinct page found (likely folded into elections page)
Sterling,3,early_voting,,false,GAP: no distinct page found (likely folded into elections page)
Sterling,3,results,,false,GAP: no distinct page found (likely folded into elections page)
Stonewall,3,elections,https://www.stonewallcounty.org/page/stonewall.Elections,false,"found via link ""Elections"" score=20"
Stonewall,3,polling,,false,GAP: no distinct page found (likely folded into elections page)
Stonewall,3,early_voting,,false,GAP: no distinct page found (likely folded into elections page)
Stonewall,3,results,,false,GAP: no distinct page found (likely folded into elections page)
Sutton,3,elections,https://www.co.sutton.tx.us/page/sutton.Elections,false,"found via link ""Elections"" score=20"
Sutton,3,polling,,false,GAP: no distinct page found (likely folded into elections page)
Sutton,3,early_voting,,false,GAP: no distinct page found (likely folded into elections page)
Sutton,3,results,,false,GAP: no distinct page found (likely folded into elections page)
Swisher,3,elections,https://www.co.swisher.tx.us/page/swisher.Elections,false,"found via link ""Elections Administrator"" score=20"
Swisher,3,polling,,false,GAP: no distinct page found (likely folded into elections page)
Swisher,3,early_voting,,false,GAP: no distinct page found (likely folded into elections page)
Swisher,3,results,,false,GAP: no distinct page found (likely folded into elections page)
Taylor,3,elections,https://taylorcounty.texas.gov/212/Elections,false,"found via link ""Elections Learn More"" score=12"
Taylor,3,polling,https://taylorcounty.texas.gov/214/Current-Election,false,no standing polling page; using per-election hub page (shared with other types) — review
Taylor,3,early_voting,https://taylorcounty.texas.gov/214/Current-Election,false,no standing early_voting page; using per-election hub page (shared with other types) — review
Taylor,3,results,https://taylorcounty.texas.gov/549/Archived-Election-Results,false,"found via ""Archived Election Results"" score=21"
Terrell,3,elections,https://www.co.terrell.tx.us/page/terrell.Elections,false,"found via link ""Elections"" score=20"
Terrell,3,polling,,false,GAP: no distinct page found (likely folded into elections page)
Terrell,3,early_voting,,false,GAP: no distinct page found (likely folded into elections page)
Terrell,3,results,,false,GAP: candidate is non-HTML (application/vnd.openxmlfo) — out of scope
Terry,3,elections,https://www.co.terry.tx.us/page/terry.elections,false,"found via link ""Elections"" score=20"
Terry,3,polling,,false,GAP: no distinct page found (likely folded into elections page)
Terry,3,early_voting,,false,GAP: no distinct page found (likely folded into elections page)
Terry,3,results,,false,GAP: no distinct page found (likely folded into elections page)
Throckmorton,3,elections,https://www.throckmortoncounty.org/page/throckmorton.elections,false,"found via link ""Elections Administrator"" score=20"
Throckmorton,3,polling,,false,GAP: no distinct page found (likely folded into elections page)
Throckmorton,3,early_voting,,false,GAP: no distinct page found (likely folded into elections page)
Throckmorton,3,results,https://www.throckmortoncounty.org/page/throckmorton.electionsposting,false,"found via ""Throckmorton County Previous Election Re"" score=21"
Titus,3,elections,https://www.co.titus.tx.us/page/elections.home,false,"found via link ""Elections"" score=20"
Titus,3,polling,,false,GAP: no distinct page found (likely folded into elections page)
Titus,3,early_voting,,false,GAP: no distinct page found (likely folded into elections page)
Titus,3,results,,false,GAP: no distinct page found (likely folded into elections page)
Tom Green,3,elections,https://www.tomgreencountytx.gov/page/ele.ElectHomeNew,false,"found via link ""Elections"" score=20"
Tom Green,3,polling,https://www.tomgreencountytx.gov/page/ele.PollingInfo,false,"found via ""Polling Information/Información de Sonde"" score=9"
Tom Green,3,early_voting,https://www.tomgreencountytx.gov/page/ele.PollingInfo,false,no standing early_voting page; using per-election hub page (shared with other types) — review
Tom Green,3,results,https://www.tomgreencountytx.gov/page/ele.ElectionsResults,false,"found via ""Election Results/Resultados electorales"" score=21"
Trinity,3,elections,https://www.co.trinity.tx.us/page/trinity.Elections2,false,"found via link ""Elections Administrator"" score=20"
Trinity,3,polling,,false,GAP: no distinct page found (likely folded into elections page)
Trinity,3,early_voting,,false,GAP: no distinct page found (likely folded into elections page)
Trinity,3,results,https://www.co.trinity.tx.us/page/trinity.archived.elections,false,"found via ""Archived Election Results"" score=21"
Tyler,3,elections,https://www.co.tyler.tx.us/page/tyler.VoterRegistration,false,"found via link ""Voter Registration"" score=13"
Tyler,3,polling,https://www.co.tyler.tx.us/page/tyler.ElectionInformation,false,no standing polling page; using per-election hub page (shared with other types) — review
Tyler,3,early_voting,https://www.co.tyler.tx.us/page/tyler.ElectionInformation,false,no standing early_voting page; using per-election hub page (shared with other types) — review
Tyler,3,results,,false,GAP: candidate is non-HTML (application/vnd.openxmlfo) — out of scope
Upshur,3,elections,https://www.countyofupshur.com/page/elections,false,"found via link ""Elections"" score=20"
Upshur,3,polling,https://www.countyofupshur.com/page/maps,false,"found via ""Precinct Map"" score=5 (weak match — review)"
Upshur,3,early_voting,,false,GAP: no distinct page found (likely folded into elections page)
Upshur,3,results,,false,GAP: no distinct page found (likely folded into elections page)
Upton,3,elections,https://www.co.upton.tx.us/page/upton.elections,false,"found via link ""Elections Administrator"" score=20"
Upton,3,polling,,false,GAP: no distinct page found (likely folded into elections page)
Upton,3,early_voting,,false,GAP: no distinct page found (likely folded into elections page)
Upton,3,results,,false,GAP: no distinct page found (likely folded into elections page)
Uvalde,3,elections,https://www.uvaldecountyelections.com/,true,"found via link ""Election Results"" score=4 (weak match — review)"
Uvalde,3,polling,https://www.uvaldecountyelections.com/election-information,true,no standing polling page; using per-election hub page (shared with other types) — review
Uvalde,3,early_voting,https://www.uvaldecountyelections.com/election-information,true,no standing early_voting page; using per-election hub page (shared with other types) — review
Uvalde,3,results,https://www.uvaldecountyelections.com/,true,"found via ""Election Results"" score=21"
Val Verde,3,elections,https://valverdecounty.texas.gov/270/Elections,false,"found via link ""Elections"" score=20 [via Government page]"
Val Verde,3,polling,https://valverdecounty.texas.gov/382/2020-GENERAL-ELECTION,false,no standing polling page; using per-election hub page (shared with other types) — review
Val Verde,3,early_voting,https://valverdecounty.texas.gov/382/2020-GENERAL-ELECTION,false,no standing early_voting page; using per-election hub page (shared with other types) — review
Val Verde,3,results,,false,GAP: candidate is non-HTML (application/pdf) — out of scope
Van Zandt,3,elections,https://www.vanzandtcounty.org/page/vanzandt.Elections,false,"found via link ""Elections"" score=20"
Van Zandt,3,polling,,false,GAP: candidate is non-HTML (application/vnd.openxmlfo) — out of scope
Van Zandt,3,early_voting,,false,GAP: candidate is non-HTML (application/vnd.openxmlfo) — out of scope
Van Zandt,3,results,,false,GAP: no distinct page found (likely folded into elections page)
Victoria,3,elections,https://www.vctx.org/page/elections.home,false,"found via link ""Elections"" score=20"
Victoria,3,polling,https://www.vctx.org/page/elections.upcoming,false,no standing polling page; using per-election hub page (shared with other types) — review
Victoria,3,early_voting,https://www.vctx.org/page/elections.upcoming,false,no standing early_voting page; using per-election hub page (shared with other types) — review
Victoria,3,results,https://www.vctx.org/page/elections.results,false,"found via ""Election Results"" score=21"
Walker,3,elections,https://www.co.walker.tx.us/department/index.php?structureid=39,false,"found via link ""Voter Registrations"" score=13"
Walker,3,polling,,false,GAP: no distinct page found (likely folded into elections page)
Walker,3,early_voting,,false,GAP: no distinct page found (likely folded into elections page)
Walker,3,results,,false,GAP: no distinct page found (likely folded into elections page)
Waller,3,elections,https://www.co.waller.tx.us/page/Elections.current,false,"found via link ""Elections"" score=20"
Waller,3,polling,,false,GAP: no distinct page found (likely folded into elections page)
Waller,3,early_voting,,false,GAP: no distinct page found (likely folded into elections page)
Waller,3,results,https://www.co.waller.tx.us/page/Elections.HistoricElectionResults,false,"found via ""Historic Election Results"" score=21"
Ward,3,elections,https://www.co.ward.tx.us/page/ward.Elections,false,"found via link ""Election Information"" score=12"
Ward,3,polling,,false,GAP: no distinct page found (likely folded into elections page)
Ward,3,early_voting,,false,GAP: no distinct page found (likely folded into elections page)
Ward,3,results,,false,GAP: candidate is non-HTML (application/vnd.openxmlfo) — out of scope
Washington,3,elections,https://www.co.washington.tx.us/page/washington.Past%20Elections,false,"found via link ""Past Elections"" score=12"
Washington,3,polling,https://www.co.washington.tx.us/page/washington.elections.information,false,no standing polling page; using per-election hub page (shared with other types) — review
Washington,3,early_voting,https://www.co.washington.tx.us/page/washington.elections.information,false,no standing early_voting page; using per-election hub page (shared with other types) — review
Washington,3,results,,false,GAP: candidate is non-HTML (application/vnd.openxmlfo) — out of scope
Wharton,3,elections,https://www.co.wharton.tx.us/page/wharton.Elections,false,"found via link ""Elections"" score=20"
Wharton,3,polling,https://www.co.wharton.tx.us/page/wharton.ElectionsPollingLocations,false,"found via """" score=4 (weak match — review)"
Wharton,3,early_voting,,false,GAP: no distinct page found (likely folded into elections page)
Wharton,3,results,https://www.co.wharton.tx.us/page/wharton.ElectionsResults,false,"found via """" score=4 (weak match — review)"
Wheeler,3,elections,https://www.wheelercounty.texas.gov/page/Elections,false,"found via link ""Elections & Voting"" score=25"
Wheeler,3,polling,,false,GAP: no distinct page found (likely folded into elections page)
Wheeler,3,early_voting,,false,GAP: no distinct page found (likely folded into elections page)
Wheeler,3,results,,false,GAP: no distinct page found (likely folded into elections page)
Wichita,3,elections,,false,GAP: no working elections page found
Wichita,3,polling,,false,GAP: no distinct page found
Wichita,3,early_voting,,false,GAP: no distinct page found
Wichita,3,results,,false,GAP: no distinct page found
Wilbarger,3,elections,https://www.co.wilbarger.tx.us/page/Elections,false,"found via link ""Elections & Voting"" score=25"
Wilbarger,3,polling,,false,GAP: no distinct page found (likely folded into elections page)
Wilbarger,3,early_voting,,false,GAP: no distinct page found (likely folded into elections page)
Wilbarger,3,results,,false,GAP: no distinct page found (likely folded into elections page)
Willacy,3,elections,https://www.co.willacy.tx.us/page/willacy.Elections,false,"found via link ""Elections"" score=20"
Willacy,3,polling,,false,GAP: no distinct page found (likely folded into elections page)
Willacy,3,early_voting,,false,GAP: no distinct page found (likely folded into elections page)
Willacy,3,results,,false,GAP: no distinct page found (likely folded into elections page)
Wilson,3,elections,https://www.co.wilson.tx.us/page/wilson.Elections,false,"found via link ""Elections"" score=20"
Wilson,3,polling,,false,GAP: no distinct page found (likely folded into elections page)
Wilson,3,early_voting,,false,GAP: no distinct page found (likely folded into elections page)
Wilson,3,results,,false,GAP: no distinct page found (likely folded into elections page)
Winkler,3,elections,https://www.co.winkler.tx.us/213/Elections,false,"found via link ""Elections"" score=20 [via Government page]"
Winkler,3,polling,,false,GAP: candidate is non-HTML (application/pdf) — out of scope
Winkler,3,early_voting,,false,GAP: candidate is non-HTML (application/pdf) — out of scope
Winkler,3,results,,false,GAP: candidate is non-HTML (application/pdf) — out of scope
Wise,3,elections,https://www.co.wise.tx.us/315/Elections,false,"found via link ""Elections"" score=20"
Wise,3,polling,,false,GAP: candidate is non-HTML (application/pdf) — out of scope
Wise,3,early_voting,,false,GAP: candidate is non-HTML (application/pdf) — out of scope
Wise,3,results,https://www.co.wise.tx.us/317/Election-Results-Archive,false,"found via ""Election Results Archive"" score=21"
Wood,3,elections,https://elections.mywoodcounty.com/,false,"found via link ""Elections/Voter Registration"" score=45"
Wood,3,polling,https://elections.mywoodcounty.com/election-information/polling-locations/,false,"found via ""Polling Locations"" score=21"
Wood,3,early_voting,https://elections.mywoodcounty.com/election-information/upcoming-elections/,false,no standing early_voting page; using per-election hub page (shared with other types) — review
Wood,3,results,https://elections.mywoodcounty.com/election-information/election-results/,false,"found via ""Election Results"" score=21"
Yoakum,3,elections,https://www.yoakumcounty.gov/page/Elections,false,"found via link ""Elections & Voting"" score=25"
Yoakum,3,polling,,false,GAP: no distinct page found (likely folded into elections page)
Yoakum,3,early_voting,,false,GAP: no distinct page found (likely folded into elections page)
Yoakum,3,results,,false,GAP: no distinct page found (likely folded into elections page)
Young,3,elections,https://www.co.young.tx.us/page/young.Elections,false,"found via link ""Elections"" score=20"
Young,3,polling,,false,GAP: candidate is non-HTML (application/vnd.openxmlfo) — out of scope
Young,3,early_voting,,false,GAP: no distinct page found (likely folded into elections page)
Young,3,results,,false,GAP: candidate is non-HTML (image/jpeg) — out of scope
Zapata,3,elections,https://www.co.zapata.tx.us/page/zapata.Elections,false,"found via link ""Elections"" score=20"
Zapata,3,polling,https://www.co.zapata.tx.us/page/zapata.redistricting,false,"found via ""PRECINCT MAPS"" score=5 (weak match — review)"
Zapata,3,early_voting,,false,GAP: no distinct page found (likely folded into elections page)
Zapata,3,results,,false,GAP: no distinct page found (likely folded into elections page)
Zavala,3,elections,https://www.co.zavala.tx.us/page/Elections,false,"found via link ""Elections"" score=20"
Zavala,3,polling,,false,GAP: no distinct page found (likely folded into elections page)
Zavala,3,early_voting,,false,GAP: no distinct page found (likely folded into elections page)
Zavala,3,results,https://www.co.zavala.tx.us/page/Election%20Results%202026,false,"found via ""Election Results 2026"" score=21"
