county,page_type,platform,steady_bytes,episode_bytes,min_bytes,shrink_pct,snapshots_in_episode,distinct_states_in_episode,changed_after,changed_by,restored_after,restored_by,min_duration_hours,max_duration_hours,episode_class,episode_evidence,returned_to_exact_prior_state
Cherokee,elections,Other / unknown,5601,308,308,94.5,1,1,2026-07-28T16:23:52-04:00,2026-07-29T14:57:06+00:00,2026-07-29T14:57:06+00:00,2026-07-29T15:13:04+00:00,0.0,18.8,capture_failure,http_status=403,false
Cherokee,homepage,Other / unknown,2549,308,308,87.9,1,1,2026-07-28T16:23:52-04:00,2026-07-29T14:57:06+00:00,2026-07-29T14:57:06+00:00,2026-07-29T15:13:04+00:00,0.0,18.8,capture_failure,http_status=403,false
Cherokee,results,Other / unknown,4040,307,307,92.4,1,1,2026-07-28T16:23:52-04:00,2026-07-29T14:57:06+00:00,2026-07-29T14:57:06+00:00,2026-07-29T15:13:04+00:00,0.0,18.8,capture_failure,http_status=403,true
Delta,elections,Drupal,5458,355,355,93.5,3,2,2026-07-28T16:23:52-04:00,2026-07-29T14:57:06+00:00,2026-07-29T12:58:51-04:00,2026-07-29T13:31:39-04:00,2.0,21.1,capture_failure,http_status=403,false
Delta,homepage,Drupal,5013,355,355,92.9,3,2,2026-07-28T16:23:52-04:00,2026-07-29T14:57:06+00:00,2026-07-29T12:58:51-04:00,2026-07-29T13:31:39-04:00,2.0,21.1,capture_failure,http_status=403,false
Delta,polling,Drupal,5228,355,355,93.2,3,2,2026-07-28T16:23:52-04:00,2026-07-29T14:57:06+00:00,2026-07-29T12:58:51-04:00,2026-07-29T13:31:39-04:00,2.0,21.1,capture_failure,http_status=403,false
Delta,results,Drupal,8447,355,355,95.8,3,2,2026-07-28T16:23:52-04:00,2026-07-29T14:57:06+00:00,2026-07-29T12:58:51-04:00,2026-07-29T13:31:39-04:00,2.0,21.1,capture_failure,http_status=403,false
Aransas,early_voting,ezTask Titanium (TAC),5790,0,0,100.0,11,1,2026-07-29T12:58:51-04:00,2026-07-29T13:31:39-04:00,2026-07-29T19:54:42+00:00,2026-07-30T10:17:58+00:00,2.4,17.3,capture_failure,empty 200 body=0B,true
Aransas,polling,ezTask Titanium (TAC),2760,0,0,100.0,11,1,2026-07-29T12:58:51-04:00,2026-07-29T13:31:39-04:00,2026-07-29T19:54:42+00:00,2026-07-30T10:17:58+00:00,2.4,17.3,capture_failure,empty 200 body=0B,true
Aransas,results,ezTask Titanium (TAC),2765,0,0,100.0,11,1,2026-07-29T12:58:51-04:00,2026-07-29T13:31:39-04:00,2026-07-29T19:54:42+00:00,2026-07-30T10:17:58+00:00,2.4,17.3,capture_failure,empty 200 body=0B,true
Aransas,elections,ezTask Titanium (TAC),5438,0,0,100.0,10,1,2026-07-29T13:31:39-04:00,2026-07-29T13:56:44-04:00,2026-07-29T19:54:42+00:00,2026-07-30T10:17:58+00:00,2.0,16.8,capture_failure,empty 200 body=0B,true
Orange,homepage,EvoGov,3819,781,781,79.5,1,1,2026-07-29T15:00:28-04:00,2026-07-29T15:15:11-04:00,2026-07-29T15:15:11-04:00,2026-07-29T15:37:31-04:00,0.0,0.6,county_change,"200, no error, plausible body",true
Childress,homepage,Other / unknown,1598,451,451,71.8,1,1,2026-07-29T15:15:11-04:00,2026-07-29T15:37:31-04:00,2026-07-29T15:37:31-04:00,2026-07-29T19:54:42+00:00,0.0,0.7,capture_failure,http_status=500,true
Delta,elections,Drupal,5458,355,355,93.5,1,1,2026-07-29T15:37:31-04:00,2026-07-29T19:54:42+00:00,2026-07-29T19:54:42+00:00,2026-07-30T10:17:58+00:00,0.0,14.7,capture_failure,"error=bot_challenge_not_cleared: captured security-check page, not; http_status=403",false
Delta,homepage,Drupal,5013,355,355,92.9,1,1,2026-07-29T15:37:31-04:00,2026-07-29T19:54:42+00:00,2026-07-29T19:54:42+00:00,2026-07-30T10:17:58+00:00,0.0,14.7,capture_failure,"error=bot_challenge_not_cleared: captured security-check page, not; http_status=403",false
Delta,polling,Drupal,5228,355,355,93.2,2,2,2026-07-29T15:37:31-04:00,2026-07-29T19:54:42+00:00,2026-07-30T10:17:58+00:00,2026-07-30T14:16:46-04:00,14.4,22.7,capture_failure,"error=bot_challenge_not_cleared: captured security-check page, not; http_status=403",true
Delta,results,Drupal,8447,355,355,95.8,2,2,2026-07-29T15:37:31-04:00,2026-07-29T19:54:42+00:00,2026-07-30T10:17:58+00:00,2026-07-30T14:16:46-04:00,14.4,22.7,capture_failure,"error=bot_challenge_not_cleared: captured security-check page, not; http_status=403",true
Jack,early_voting,Drupal,2155,361,361,83.2,1,1,2026-07-29T15:37:31-04:00,2026-07-29T19:54:42+00:00,2026-07-29T19:54:42+00:00,2026-07-30T10:17:58+00:00,0.0,14.7,capture_failure,"error=bot_challenge_not_cleared: captured security-check page, not; http_status=403",false
Jack,elections,Drupal,2765,361,361,86.9,2,2,2026-07-29T15:37:31-04:00,2026-07-29T19:54:42+00:00,2026-07-30T10:17:58+00:00,2026-07-30T14:16:46-04:00,14.4,22.7,capture_failure,"error=bot_challenge_not_cleared: captured security-check page, not; http_status=403",true
Jack,homepage,Drupal,2147,361,361,83.2,1,1,2026-07-29T15:37:31-04:00,2026-07-29T19:54:42+00:00,2026-07-29T19:54:42+00:00,2026-07-30T10:17:58+00:00,0.0,14.7,capture_failure,"error=bot_challenge_not_cleared: captured security-check page, not; http_status=403",false
Aransas,early_voting,ezTask Titanium (TAC),5790,0,0,100.0,2,1,2026-07-30T10:17:58+00:00,2026-07-30T14:16:46-04:00,2026-07-30T14:24:26-04:00,2026-07-30T14:31:50-04:00,0.1,8.2,capture_failure,empty 200 body=0B,true
Aransas,elections,ezTask Titanium (TAC),5438,0,0,100.0,2,1,2026-07-30T10:17:58+00:00,2026-07-30T14:16:46-04:00,2026-07-30T14:24:26-04:00,2026-07-30T14:31:50-04:00,0.1,8.2,capture_failure,empty 200 body=0B,true
Aransas,polling,ezTask Titanium (TAC),2760,0,0,100.0,2,1,2026-07-30T10:17:58+00:00,2026-07-30T14:16:46-04:00,2026-07-30T14:24:26-04:00,2026-07-30T14:31:50-04:00,0.1,8.2,capture_failure,empty 200 body=0B,true
Aransas,results,ezTask Titanium (TAC),2765,0,0,100.0,2,1,2026-07-30T10:17:58+00:00,2026-07-30T14:16:46-04:00,2026-07-30T14:24:26-04:00,2026-07-30T14:31:50-04:00,0.1,8.2,capture_failure,empty 200 body=0B,true
Montgomery,homepage,Revize,5658,2638,2638,53.4,2,1,2026-07-30T10:17:58+00:00,2026-07-30T14:16:46-04:00,2026-07-30T14:24:26-04:00,2026-07-30T14:31:50-04:00,0.1,8.2,county_change,"200, no error, plausible body",true
Orange,homepage,EvoGov,3819,781,781,79.5,3,1,2026-07-30T10:17:58+00:00,2026-07-30T14:16:46-04:00,2026-07-30T14:31:50-04:00,2026-07-31T10:35:27+00:00,0.3,24.3,county_change,"200, no error, plausible body",true
Delta,polling,Drupal,5228,355,355,93.2,1,1,2026-07-30T14:24:26-04:00,2026-07-30T14:31:50-04:00,2026-07-30T14:31:50-04:00,2026-07-31T10:35:27+00:00,0.0,16.2,capture_failure,http_status=403,false
Delta,results,Drupal,8447,355,355,95.8,1,1,2026-07-30T14:24:26-04:00,2026-07-30T14:31:50-04:00,2026-07-30T14:31:50-04:00,2026-07-31T10:35:27+00:00,0.0,16.2,capture_failure,http_status=403,false
Jack,elections,Drupal,2765,361,361,86.9,2,2,2026-07-30T14:24:26-04:00,2026-07-30T14:31:50-04:00,2026-07-31T10:35:27+00:00,2026-08-01T09:53:37+00:00,16.1,39.5,capture_failure,http_status=403,false
Dallam,elections,Other / unknown,1366,74,74,94.6,2,1,2026-07-30T14:31:50-04:00,2026-07-31T10:35:27+00:00,2026-08-01T09:53:37+00:00,2026-08-02T09:52:36+00:00,23.3,63.3,capture_failure,empty 200 body=74B,true
Dallam,homepage,Other / unknown,703,74,74,89.5,2,1,2026-07-30T14:31:50-04:00,2026-07-31T10:35:27+00:00,2026-08-01T09:53:37+00:00,2026-08-02T09:52:36+00:00,23.3,63.3,capture_failure,empty 200 body=74B,true
Delta,elections,Drupal,5458,355,355,93.5,1,1,2026-07-30T14:31:50-04:00,2026-07-31T10:35:27+00:00,2026-07-31T10:35:27+00:00,2026-08-01T09:53:37+00:00,0.0,39.4,capture_failure,"error=bot_challenge_not_cleared: captured security-check page, not; http_status=403",true
Delta,homepage,Drupal,5013,355,355,92.9,1,1,2026-07-30T14:31:50-04:00,2026-07-31T10:35:27+00:00,2026-07-31T10:35:27+00:00,2026-08-01T09:53:37+00:00,0.0,39.4,capture_failure,"error=bot_challenge_not_cleared: captured security-check page, not; http_status=403",true
La Salle,early_voting,Joomla,3073,74,74,97.6,2,1,2026-07-30T14:31:50-04:00,2026-07-31T10:35:27+00:00,2026-08-01T09:53:37+00:00,2026-08-02T09:52:36+00:00,23.3,63.3,capture_failure,empty 200 body=74B,true
La Salle,elections,Joomla,4082,74,74,98.2,2,1,2026-07-30T14:31:50-04:00,2026-07-31T10:35:27+00:00,2026-08-01T09:53:37+00:00,2026-08-02T09:52:36+00:00,23.3,63.3,capture_failure,empty 200 body=74B,true
La Salle,homepage,Joomla,3741,74,74,98.0,2,1,2026-07-30T14:31:50-04:00,2026-07-31T10:35:27+00:00,2026-08-01T09:53:37+00:00,2026-08-02T09:52:36+00:00,23.3,63.3,capture_failure,empty 200 body=74B,true
La Salle,polling,Joomla,5692,74,74,98.7,2,1,2026-07-30T14:31:50-04:00,2026-07-31T10:35:27+00:00,2026-08-01T09:53:37+00:00,2026-08-02T09:52:36+00:00,23.3,63.3,capture_failure,empty 200 body=74B,true
La Salle,results,Joomla,2100,74,74,96.5,2,1,2026-07-30T14:31:50-04:00,2026-07-31T10:35:27+00:00,2026-08-01T09:53:37+00:00,2026-08-02T09:52:36+00:00,23.3,63.3,capture_failure,empty 200 body=74B,true
Wichita,elections,WordPress,2580,207,207,92.0,2,1,2026-07-30T14:31:50-04:00,2026-07-31T10:35:27+00:00,2026-08-01T09:53:37+00:00,2026-08-02T09:52:36+00:00,23.3,63.3,county_change,"200, no error, plausible body",true
Wichita,homepage,WordPress,2449,207,207,91.5,2,1,2026-07-30T14:31:50-04:00,2026-07-31T10:35:27+00:00,2026-08-01T09:53:37+00:00,2026-08-02T09:52:36+00:00,23.3,63.3,county_change,"200, no error, plausible body",true
Wichita,results,WordPress,2075,207,207,90.0,2,1,2026-07-30T14:31:50-04:00,2026-07-31T10:35:27+00:00,2026-08-01T09:53:37+00:00,2026-08-02T09:52:36+00:00,23.3,63.3,county_change,"200, no error, plausible body",true
Tarrant,early_voting,Other / unknown,21174,6643,6643,68.6,1,1,2026-07-31T10:35:27+00:00,2026-08-01T09:53:37+00:00,2026-08-01T09:53:37+00:00,2026-08-02T09:52:36+00:00,0.0,47.3,county_change,"200, no error, plausible body",true
Childress,elections,Other / unknown,9745,451,451,95.4,1,1,2026-08-01T09:53:37+00:00,2026-08-02T09:52:36+00:00,2026-08-02T09:52:36+00:00,2026-08-03T11:15:26+00:00,0.0,49.4,capture_failure,http_status=500,true
Dallam,elections,Other / unknown,1366,74,74,94.6,2,1,2026-08-03T11:15:26+00:00,2026-08-04T10:30:30+00:00,2026-08-05T10:25:54+00:00,2026-08-06T10:28:20+00:00,23.9,71.2,capture_failure,empty 200 body=74B,true
Dallam,homepage,Other / unknown,703,74,74,89.5,2,1,2026-08-03T11:15:26+00:00,2026-08-04T10:30:30+00:00,2026-08-05T10:25:54+00:00,2026-08-06T10:28:20+00:00,23.9,71.2,capture_failure,empty 200 body=74B,false
La Salle,early_voting,Joomla,3073,74,74,97.6,2,1,2026-08-03T11:15:26+00:00,2026-08-04T10:30:30+00:00,2026-08-05T10:25:54+00:00,2026-08-06T10:28:20+00:00,23.9,71.2,capture_failure,empty 200 body=74B,true
La Salle,elections,Joomla,4082,74,74,98.2,2,1,2026-08-03T11:15:26+00:00,2026-08-04T10:30:30+00:00,2026-08-05T10:25:54+00:00,2026-08-06T10:28:20+00:00,23.9,71.2,capture_failure,empty 200 body=74B,true
La Salle,homepage,Joomla,3741,74,74,98.0,2,1,2026-08-03T11:15:26+00:00,2026-08-04T10:30:30+00:00,2026-08-05T10:25:54+00:00,2026-08-06T10:28:20+00:00,23.9,71.2,capture_failure,empty 200 body=74B,false
La Salle,polling,Joomla,5692,74,74,98.7,2,1,2026-08-03T11:15:26+00:00,2026-08-04T10:30:30+00:00,2026-08-05T10:25:54+00:00,2026-08-06T10:28:20+00:00,23.9,71.2,capture_failure,empty 200 body=74B,true
La Salle,results,Joomla,2100,74,74,96.5,2,1,2026-08-03T11:15:26+00:00,2026-08-04T10:30:30+00:00,2026-08-05T10:25:54+00:00,2026-08-06T10:28:20+00:00,23.9,71.2,capture_failure,empty 200 body=74B,true
Wichita,homepage,WordPress,2449,207,207,91.5,1,1,2026-08-04T10:30:30+00:00,2026-08-05T10:25:54+00:00,2026-08-05T10:25:54+00:00,2026-08-06T10:28:20+00:00,0.0,48.0,county_change,"200, no error, plausible body",false
Wichita,results,WordPress,2075,207,207,90.0,1,1,2026-08-04T10:30:30+00:00,2026-08-05T10:25:54+00:00,2026-08-05T10:25:54+00:00,2026-08-06T10:28:20+00:00,0.0,48.0,county_change,"200, no error, plausible body",true
Childress,elections,Other / unknown,9745,451,451,95.4,1,1,2026-08-05T10:25:54+00:00,2026-08-06T10:28:20+00:00,2026-08-06T10:28:20+00:00,2026-08-07T08:49:32+00:00,0.0,46.4,capture_failure,http_status=500,true
Childress,homepage,Other / unknown,1598,451,451,71.8,1,1,2026-08-05T10:25:54+00:00,2026-08-06T10:28:20+00:00,2026-08-06T10:28:20+00:00,2026-08-07T08:49:32+00:00,0.0,46.4,capture_failure,http_status=500,true
Fayette,elections,ezTask Titanium (TAC),15711,9330,9330,40.6,12,1,2026-08-06T10:28:20+00:00,2026-08-07T08:49:32+00:00,2026-08-18T08:25:34+00:00,2026-08-20T08:28:02+00:00,263.6,334.0,county_change,"200, no error, plausible body",false
La Salle,early_voting,Joomla,3073,84,74,97.6,2,2,2026-08-06T10:28:20+00:00,2026-08-07T08:49:32+00:00,2026-08-08T08:29:37+00:00,2026-08-09T08:33:12+00:00,23.7,70.1,capture_failure,http_status=403,true
La Salle,elections,Joomla,4082,84,74,98.2,2,2,2026-08-06T10:28:20+00:00,2026-08-07T08:49:32+00:00,2026-08-08T08:29:37+00:00,2026-08-09T08:33:12+00:00,23.7,70.1,capture_failure,http_status=403,true
La Salle,homepage,Joomla,3741,84,74,98.0,2,2,2026-08-06T10:28:20+00:00,2026-08-07T08:49:32+00:00,2026-08-08T08:29:37+00:00,2026-08-09T08:33:12+00:00,23.7,70.1,capture_failure,http_status=403,false
La Salle,polling,Joomla,5692,84,74,98.7,2,2,2026-08-06T10:28:20+00:00,2026-08-07T08:49:32+00:00,2026-08-08T08:29:37+00:00,2026-08-09T08:33:12+00:00,23.7,70.1,capture_failure,http_status=403,true
La Salle,results,Joomla,2100,84,74,96.5,2,2,2026-08-06T10:28:20+00:00,2026-08-07T08:49:32+00:00,2026-08-08T08:29:37+00:00,2026-08-09T08:33:12+00:00,23.7,70.1,capture_failure,http_status=403,true
Dallam,elections,Other / unknown,1366,74,74,94.6,1,1,2026-08-07T08:49:32+00:00,2026-08-08T08:29:37+00:00,2026-08-08T08:29:37+00:00,2026-08-09T08:33:12+00:00,0.0,47.7,capture_failure,empty 200 body=74B,true
Dallam,homepage,Other / unknown,703,74,74,89.5,1,1,2026-08-07T08:49:32+00:00,2026-08-08T08:29:37+00:00,2026-08-08T08:29:37+00:00,2026-08-09T08:33:12+00:00,0.0,47.7,capture_failure,empty 200 body=74B,true
Wichita,homepage,WordPress,2449,207,207,91.5,1,1,2026-08-07T08:49:32+00:00,2026-08-08T08:29:37+00:00,2026-08-08T08:29:37+00:00,2026-08-09T08:33:12+00:00,0.0,47.7,county_change,"200, no error, plausible body",true
Wichita,results,WordPress,2075,207,207,90.0,1,1,2026-08-07T08:49:32+00:00,2026-08-08T08:29:37+00:00,2026-08-08T08:29:37+00:00,2026-08-09T08:33:12+00:00,0.0,47.7,county_change,"200, no error, plausible body",true
Wichita,homepage,WordPress,2449,207,207,91.5,2,1,2026-08-09T08:33:12+00:00,2026-08-10T09:09:06+00:00,2026-08-11T08:46:50+00:00,2026-08-12T09:03:33+00:00,23.6,72.5,county_change,"200, no error, plausible body",false
Cherokee,elections,Other / unknown,5601,540,540,90.4,1,1,2026-08-10T09:09:06+00:00,2026-08-11T08:46:50+00:00,2026-08-11T08:46:50+00:00,2026-08-12T09:03:33+00:00,0.0,47.9,capture_failure,http_status=403,true
Cherokee,homepage,Other / unknown,2549,540,540,78.8,1,1,2026-08-10T09:09:06+00:00,2026-08-11T08:46:50+00:00,2026-08-11T08:46:50+00:00,2026-08-12T09:03:33+00:00,0.0,47.9,capture_failure,http_status=403,false
Cherokee,results,Other / unknown,4040,540,540,86.6,1,1,2026-08-10T09:09:06+00:00,2026-08-11T08:46:50+00:00,2026-08-11T08:46:50+00:00,2026-08-12T09:03:33+00:00,0.0,47.9,capture_failure,http_status=403,true
Wichita,elections,WordPress,2580,207,207,92.0,1,1,2026-08-10T09:09:06+00:00,2026-08-11T08:46:50+00:00,2026-08-11T08:46:50+00:00,2026-08-12T09:03:33+00:00,0.0,47.9,county_change,"200, no error, plausible body",true
Wichita,results,WordPress,2075,207,207,90.0,2,1,2026-08-10T09:09:06+00:00,2026-08-11T08:46:50+00:00,2026-08-12T09:03:33+00:00,2026-08-13T09:06:15+00:00,24.3,72.0,county_change,"200, no error, plausible body",true
La Salle,early_voting,Joomla,3073,84,74,97.6,4,2,2026-08-11T08:46:50+00:00,2026-08-12T09:03:33+00:00,2026-08-15T08:19:24+00:00,2026-08-16T08:29:54+00:00,71.3,119.7,capture_failure,http_status=403,false
La Salle,elections,Joomla,4082,84,74,98.2,4,2,2026-08-11T08:46:50+00:00,2026-08-12T09:03:33+00:00,2026-08-15T08:19:24+00:00,2026-08-16T08:29:54+00:00,71.3,119.7,capture_failure,http_status=403,false
La Salle,homepage,Joomla,3741,84,74,98.0,4,2,2026-08-11T08:46:50+00:00,2026-08-12T09:03:33+00:00,2026-08-15T08:19:24+00:00,2026-08-16T08:29:54+00:00,71.3,119.7,capture_failure,http_status=403,false
La Salle,polling,Joomla,5692,84,74,98.7,4,2,2026-08-11T08:46:50+00:00,2026-08-12T09:03:33+00:00,2026-08-15T08:19:24+00:00,2026-08-16T08:29:54+00:00,71.3,119.7,capture_failure,http_status=403,false
La Salle,results,Joomla,2100,84,74,96.5,4,2,2026-08-11T08:46:50+00:00,2026-08-12T09:03:33+00:00,2026-08-15T08:19:24+00:00,2026-08-16T08:29:54+00:00,71.3,119.7,capture_failure,http_status=403,false
Orange,homepage,EvoGov,3819,767,767,79.9,1,1,2026-08-11T08:46:50+00:00,2026-08-12T09:03:33+00:00,2026-08-12T09:03:33+00:00,2026-08-13T09:06:15+00:00,0.0,48.3,county_change,"200, no error, plausible body",true
Aransas,early_voting,ezTask Titanium (TAC),5790,0,0,100.0,1,1,2026-08-12T09:03:33+00:00,2026-08-13T09:06:15+00:00,2026-08-13T09:06:15+00:00,2026-08-14T08:59:53+00:00,0.0,47.9,capture_failure,http_status=503,true
Aransas,elections,ezTask Titanium (TAC),5438,0,0,100.0,1,1,2026-08-12T09:03:33+00:00,2026-08-13T09:06:15+00:00,2026-08-13T09:06:15+00:00,2026-08-14T08:59:53+00:00,0.0,47.9,capture_failure,http_status=503,true
Aransas,polling,ezTask Titanium (TAC),2760,0,0,100.0,1,1,2026-08-12T09:03:33+00:00,2026-08-13T09:06:15+00:00,2026-08-13T09:06:15+00:00,2026-08-14T08:59:53+00:00,0.0,47.9,capture_failure,http_status=503,true
Aransas,results,ezTask Titanium (TAC),2765,0,0,100.0,1,1,2026-08-12T09:03:33+00:00,2026-08-13T09:06:15+00:00,2026-08-13T09:06:15+00:00,2026-08-14T08:59:53+00:00,0.0,47.9,capture_failure,http_status=503,true
Dallam,elections,Other / unknown,1366,74,74,94.6,3,1,2026-08-12T09:03:33+00:00,2026-08-13T09:06:15+00:00,2026-08-15T08:19:24+00:00,2026-08-16T08:29:54+00:00,47.2,95.4,capture_failure,empty 200 body=74B,true
Dallam,homepage,Other / unknown,703,74,74,89.5,3,1,2026-08-12T09:03:33+00:00,2026-08-13T09:06:15+00:00,2026-08-15T08:19:24+00:00,2026-08-16T08:29:54+00:00,47.2,95.4,capture_failure,empty 200 body=74B,false
Wichita,elections,WordPress,2580,207,207,92.0,3,1,2026-08-12T09:03:33+00:00,2026-08-13T09:06:15+00:00,2026-08-15T08:19:24+00:00,2026-08-16T08:29:54+00:00,47.2,95.4,county_change,"200, no error, plausible body",true
Wichita,homepage,WordPress,2449,207,207,91.5,1,1,2026-08-12T09:03:33+00:00,2026-08-13T09:06:15+00:00,2026-08-13T09:06:15+00:00,2026-08-14T08:59:53+00:00,0.0,47.9,county_change,"200, no error, plausible body",true
Childress,homepage,Other / unknown,1598,451,451,71.8,1,1,2026-08-13T09:06:15+00:00,2026-08-14T08:59:53+00:00,2026-08-14T08:59:53+00:00,2026-08-15T08:19:24+00:00,0.0,47.2,capture_failure,http_status=500,true
Wichita,results,WordPress,2075,207,207,90.0,2,1,2026-08-13T09:06:15+00:00,2026-08-14T08:59:53+00:00,2026-08-15T08:19:24+00:00,2026-08-16T08:29:54+00:00,23.3,71.4,county_change,"200, no error, plausible body",true
Aransas,early_voting,ezTask Titanium (TAC),5790,0,0,100.0,1,1,2026-08-14T08:59:53+00:00,2026-08-15T08:19:24+00:00,2026-08-15T08:19:24+00:00,2026-08-16T08:29:54+00:00,0.0,47.5,capture_failure,http_status=503,true
Aransas,elections,ezTask Titanium (TAC),5438,0,0,100.0,1,1,2026-08-14T08:59:53+00:00,2026-08-15T08:19:24+00:00,2026-08-15T08:19:24+00:00,2026-08-16T08:29:54+00:00,0.0,47.5,capture_failure,http_status=503,true
Aransas,polling,ezTask Titanium (TAC),2760,0,0,100.0,1,1,2026-08-14T08:59:53+00:00,2026-08-15T08:19:24+00:00,2026-08-15T08:19:24+00:00,2026-08-16T08:29:54+00:00,0.0,47.5,capture_failure,http_status=503,true
Aransas,results,ezTask Titanium (TAC),2765,0,0,100.0,1,1,2026-08-14T08:59:53+00:00,2026-08-15T08:19:24+00:00,2026-08-15T08:19:24+00:00,2026-08-16T08:29:54+00:00,0.0,47.5,capture_failure,http_status=503,true
Wichita,homepage,WordPress,2449,207,207,91.5,1,1,2026-08-14T08:59:53+00:00,2026-08-15T08:19:24+00:00,2026-08-15T08:19:24+00:00,2026-08-16T08:29:54+00:00,0.0,47.5,county_change,"200, no error, plausible body",true
Bee,elections,CivicPlus,1984,0,0,100.0,1,1,2026-08-15T08:19:24+00:00,2026-08-16T08:29:54+00:00,2026-08-16T08:29:54+00:00,2026-08-17T08:32:41+00:00,0.0,48.2,capture_failure,error=plain_fetch_error: ReadTimeout: The read operation timed out,true
Bee,homepage,CivicPlus,1373,0,0,100.0,1,1,2026-08-15T08:19:24+00:00,2026-08-16T08:29:54+00:00,2026-08-16T08:29:54+00:00,2026-08-17T08:32:41+00:00,0.0,48.2,capture_failure,error=plain_fetch_error: ReadTimeout: The read operation timed out,true
Brazos,homepage,CivicPlus,5103,0,0,100.0,1,1,2026-08-15T08:19:24+00:00,2026-08-16T08:29:54+00:00,2026-08-16T08:29:54+00:00,2026-08-17T08:32:41+00:00,0.0,48.2,capture_failure,error=plain_fetch_error: ReadTimeout: The read operation timed out,true
Chambers,early_voting,CivicPlus,22752,0,0,100.0,1,1,2026-08-15T08:19:24+00:00,2026-08-16T08:29:54+00:00,2026-08-16T08:29:54+00:00,2026-08-17T08:32:41+00:00,0.0,48.2,capture_failure,error=plain_fetch_error: ReadTimeout: The read operation timed out,false
Chambers,elections,CivicPlus,18832,0,0,100.0,1,1,2026-08-15T08:19:24+00:00,2026-08-16T08:29:54+00:00,2026-08-16T08:29:54+00:00,2026-08-17T08:32:41+00:00,0.0,48.2,capture_failure,error=plain_fetch_error: ReadTimeout: The read operation timed out,true
Chambers,homepage,CivicPlus,18583,0,0,100.0,1,1,2026-08-15T08:19:24+00:00,2026-08-16T08:29:54+00:00,2026-08-16T08:29:54+00:00,2026-08-17T08:32:41+00:00,0.0,48.2,capture_failure,error=plain_fetch_error: ReadTimeout: The read operation timed out,true
Chambers,polling,CivicPlus,22752,0,0,100.0,1,1,2026-08-15T08:19:24+00:00,2026-08-16T08:29:54+00:00,2026-08-16T08:29:54+00:00,2026-08-17T08:32:41+00:00,0.0,48.2,capture_failure,error=plain_fetch_error: ReadTimeout: The read operation timed out,false
Ellis,early_voting,CivicPlus,13001,84,84,99.4,1,1,2026-08-15T08:19:24+00:00,2026-08-16T08:29:54+00:00,2026-08-16T08:29:54+00:00,2026-08-17T08:32:41+00:00,0.0,48.2,capture_failure,http_status=503,true
Ellis,elections,CivicPlus,3463,84,84,97.6,1,1,2026-08-15T08:19:24+00:00,2026-08-16T08:29:54+00:00,2026-08-16T08:29:54+00:00,2026-08-17T08:32:41+00:00,0.0,48.2,capture_failure,http_status=503,true
Ellis,homepage,CivicPlus,6813,84,84,98.8,1,1,2026-08-15T08:19:24+00:00,2026-08-16T08:29:54+00:00,2026-08-16T08:29:54+00:00,2026-08-17T08:32:41+00:00,0.0,48.2,capture_failure,http_status=503,true
Ellis,polling,CivicPlus,4766,84,84,98.2,1,1,2026-08-15T08:19:24+00:00,2026-08-16T08:29:54+00:00,2026-08-16T08:29:54+00:00,2026-08-17T08:32:41+00:00,0.0,48.2,capture_failure,http_status=503,true
Ellis,results,CivicPlus,2647,84,84,96.8,1,1,2026-08-15T08:19:24+00:00,2026-08-16T08:29:54+00:00,2026-08-16T08:29:54+00:00,2026-08-17T08:32:41+00:00,0.0,48.2,capture_failure,http_status=503,true
Midland,homepage,Other / unknown,1507,0,0,100.0,1,1,2026-08-15T08:19:24+00:00,2026-08-16T08:29:54+00:00,2026-08-16T08:29:54+00:00,2026-08-17T08:32:41+00:00,0.0,48.2,capture_failure,error=plain_fetch_error: ReadTimeout: The read operation timed out,true
Val Verde,early_voting,CivicPlus,6139,0,0,100.0,1,1,2026-08-15T08:19:24+00:00,2026-08-16T08:29:54+00:00,2026-08-16T08:29:54+00:00,2026-08-17T08:32:41+00:00,0.0,48.2,capture_failure,error=plain_fetch_error: ReadTimeout: The read operation timed out,true
Val Verde,elections,CivicPlus,3889,0,0,100.0,1,1,2026-08-15T08:19:24+00:00,2026-08-16T08:29:54+00:00,2026-08-16T08:29:54+00:00,2026-08-17T08:32:41+00:00,0.0,48.2,capture_failure,error=plain_fetch_error: ReadTimeout: The read operation timed out,true
Val Verde,homepage,CivicPlus,1794,0,0,100.0,1,1,2026-08-15T08:19:24+00:00,2026-08-16T08:29:54+00:00,2026-08-16T08:29:54+00:00,2026-08-17T08:32:41+00:00,0.0,48.2,capture_failure,error=plain_fetch_error: ReadTimeout: The read operation timed out,true
Val Verde,polling,CivicPlus,6139,0,0,100.0,1,1,2026-08-15T08:19:24+00:00,2026-08-16T08:29:54+00:00,2026-08-16T08:29:54+00:00,2026-08-17T08:32:41+00:00,0.0,48.2,capture_failure,error=plain_fetch_error: ReadTimeout: The read operation timed out,true
Childress,elections,Other / unknown,9745,451,451,95.4,1,1,2026-08-16T08:29:54+00:00,2026-08-17T08:32:41+00:00,2026-08-17T08:32:41+00:00,2026-08-18T08:25:34+00:00,0.0,47.9,capture_failure,http_status=500,true
Childress,homepage,Other / unknown,1598,451,451,71.8,1,1,2026-08-16T08:29:54+00:00,2026-08-17T08:32:41+00:00,2026-08-17T08:32:41+00:00,2026-08-18T08:25:34+00:00,0.0,47.9,capture_failure,http_status=500,true
Jim Wells,homepage,ezTask Titanium (TAC),6939,18511,18511,-166.8,9,9,2026-08-16T08:29:54+00:00,2026-08-17T08:32:41+00:00,2026-08-26T08:34:20+00:00,2026-08-27T18:32:40+00:00,216.0,274.0,county_change,"200, no error, plausible body",false
Wichita,elections,WordPress,2580,207,207,92.0,1,1,2026-08-16T08:29:54+00:00,2026-08-17T08:32:41+00:00,2026-08-17T08:32:41+00:00,2026-08-18T08:25:34+00:00,0.0,47.9,county_change,"200, no error, plausible body",false
Wichita,homepage,WordPress,2449,207,207,91.5,1,1,2026-08-16T08:29:54+00:00,2026-08-17T08:32:41+00:00,2026-08-17T08:32:41+00:00,2026-08-18T08:25:34+00:00,0.0,47.9,county_change,"200, no error, plausible body",true
Wichita,results,WordPress,2075,207,207,90.0,1,1,2026-08-16T08:29:54+00:00,2026-08-17T08:32:41+00:00,2026-08-17T08:32:41+00:00,2026-08-18T08:25:34+00:00,0.0,47.9,county_change,"200, no error, plausible body",true
Wichita,homepage,WordPress,2449,207,207,91.5,1,1,2026-08-21T08:29:29+00:00,2026-08-22T08:20:20+00:00,2026-08-22T08:20:20+00:00,2026-08-23T08:32:42+00:00,0.0,48.1,county_change,"200, no error, plausible body",true
Wichita,results,WordPress,2075,207,207,90.0,1,1,2026-08-21T08:29:29+00:00,2026-08-22T08:20:20+00:00,2026-08-22T08:20:20+00:00,2026-08-23T08:32:42+00:00,0.0,48.1,county_change,"200, no error, plausible body",true
Bexar,early_voting,CivicPlus,3490,194,194,94.4,1,1,2026-08-22T08:20:20+00:00,2026-08-23T08:32:42+00:00,2026-08-23T08:32:42+00:00,2026-08-24T08:39:34+00:00,0.0,48.3,page_removed,http_status=404; body=194B,true
Bexar,elections,CivicPlus,5377,194,194,96.4,1,1,2026-08-22T08:20:20+00:00,2026-08-23T08:32:42+00:00,2026-08-23T08:32:42+00:00,2026-08-24T08:39:34+00:00,0.0,48.3,page_removed,http_status=404; body=194B,true
Bexar,homepage,CivicPlus,10017,1441,1441,85.6,1,1,2026-08-22T08:20:20+00:00,2026-08-23T08:32:42+00:00,2026-08-23T08:32:42+00:00,2026-08-24T08:39:34+00:00,0.0,48.3,county_change,"200, no error, plausible body",true
Bexar,polling,CivicPlus,3526,194,194,94.5,1,1,2026-08-22T08:20:20+00:00,2026-08-23T08:32:42+00:00,2026-08-23T08:32:42+00:00,2026-08-24T08:39:34+00:00,0.0,48.3,page_removed,http_status=404; body=194B,true
Denton,homepage,CivicPlus,5095,0,0,100.0,1,1,2026-08-22T08:20:20+00:00,2026-08-23T08:32:42+00:00,2026-08-23T08:32:42+00:00,2026-08-24T08:39:34+00:00,0.0,48.3,capture_failure,error=plain_fetch_error: ReadTimeout: The read operation timed out,true
Hays,early_voting,CivicPlus,1226,0,0,100.0,1,1,2026-08-22T08:20:20+00:00,2026-08-23T08:32:42+00:00,2026-08-23T08:32:42+00:00,2026-08-24T08:39:34+00:00,0.0,48.3,capture_failure,error=plain_fetch_error: ReadTimeout: The read operation timed out,true
Hays,elections,CivicPlus,4428,0,0,100.0,1,1,2026-08-22T08:20:20+00:00,2026-08-23T08:32:42+00:00,2026-08-23T08:32:42+00:00,2026-08-24T08:39:34+00:00,0.0,48.3,capture_failure,error=plain_fetch_error: ReadTimeout: The read operation timed out,true
Hays,homepage,CivicPlus,2419,0,0,100.0,1,1,2026-08-22T08:20:20+00:00,2026-08-23T08:32:42+00:00,2026-08-23T08:32:42+00:00,2026-08-24T08:39:34+00:00,0.0,48.3,capture_failure,error=plain_fetch_error: ReadTimeout: The read operation timed out,true
Hays,polling,CivicPlus,1226,0,0,100.0,1,1,2026-08-22T08:20:20+00:00,2026-08-23T08:32:42+00:00,2026-08-23T08:32:42+00:00,2026-08-24T08:39:34+00:00,0.0,48.3,capture_failure,error=plain_fetch_error: ReadTimeout: The read operation timed out,true
Hays,results,CivicPlus,1434,0,0,100.0,1,1,2026-08-22T08:20:20+00:00,2026-08-23T08:32:42+00:00,2026-08-23T08:32:42+00:00,2026-08-24T08:39:34+00:00,0.0,48.3,capture_failure,error=plain_fetch_error: ReadTimeout: The read operation timed out,true
McLennan,early_voting,CivicPlus,2051,4817,4817,-134.9,1,1,2026-08-22T08:20:20+00:00,2026-08-23T08:32:42+00:00,2026-08-23T08:32:42+00:00,2026-08-24T08:39:34+00:00,0.0,48.3,county_change,"200, no error, plausible body",true
McLennan,elections,CivicPlus,2700,0,0,100.0,1,1,2026-08-22T08:20:20+00:00,2026-08-23T08:32:42+00:00,2026-08-23T08:32:42+00:00,2026-08-24T08:39:34+00:00,0.0,48.3,capture_failure,error=plain_fetch_error: ReadTimeout: The read operation timed out,true
McLennan,homepage,CivicPlus,4447,0,0,100.0,1,1,2026-08-22T08:20:20+00:00,2026-08-23T08:32:42+00:00,2026-08-23T08:32:42+00:00,2026-08-24T08:39:34+00:00,0.0,48.3,capture_failure,error=plain_fetch_error: ReadTimeout: The read operation timed out,false
McLennan,polling,CivicPlus,2231,0,0,100.0,1,1,2026-08-22T08:20:20+00:00,2026-08-23T08:32:42+00:00,2026-08-23T08:32:42+00:00,2026-08-24T08:39:34+00:00,0.0,48.3,capture_failure,error=plain_fetch_error: ReadTimeout: The read operation timed out,true
McLennan,results,CivicPlus,2104,4870,4870,-131.5,1,1,2026-08-22T08:20:20+00:00,2026-08-23T08:32:42+00:00,2026-08-23T08:32:42+00:00,2026-08-24T08:39:34+00:00,0.0,48.3,county_change,"200, no error, plausible body",true
Williamson,homepage,CivicPlus,1474,0,0,100.0,1,1,2026-08-22T08:20:20+00:00,2026-08-23T08:32:42+00:00,2026-08-23T08:32:42+00:00,2026-08-24T08:39:34+00:00,0.0,48.3,capture_failure,error=plain_fetch_error: ReadTimeout: The read operation timed out,true
Williamson,results,CivicPlus,19546,0,0,100.0,1,1,2026-08-22T08:20:20+00:00,2026-08-23T08:32:42+00:00,2026-08-23T08:32:42+00:00,2026-08-24T08:39:34+00:00,0.0,48.3,capture_failure,error=plain_fetch_error: ReadTimeout: The read operation timed out,true
La Salle,early_voting,Joomla,3073,84,84,97.3,2,1,2026-08-24T08:39:34+00:00,2026-08-25T08:35:24+00:00,2026-08-26T08:34:20+00:00,2026-08-27T18:32:40+00:00,24.0,81.9,capture_failure,http_status=403,false
La Salle,elections,Joomla,4082,84,84,97.9,2,1,2026-08-24T08:39:34+00:00,2026-08-25T08:35:24+00:00,2026-08-26T08:34:20+00:00,2026-08-27T18:32:40+00:00,24.0,81.9,capture_failure,http_status=403,false
La Salle,homepage,Joomla,3741,84,84,97.8,2,1,2026-08-24T08:39:34+00:00,2026-08-25T08:35:24+00:00,2026-08-26T08:34:20+00:00,2026-08-27T18:32:40+00:00,24.0,81.9,capture_failure,http_status=403,false
La Salle,polling,Joomla,5692,84,84,98.5,2,1,2026-08-24T08:39:34+00:00,2026-08-25T08:35:24+00:00,2026-08-26T08:34:20+00:00,2026-08-27T18:32:40+00:00,24.0,81.9,capture_failure,http_status=403,false
La Salle,results,Joomla,2100,84,84,96.0,2,1,2026-08-24T08:39:34+00:00,2026-08-25T08:35:24+00:00,2026-08-26T08:34:20+00:00,2026-08-27T18:32:40+00:00,24.0,81.9,capture_failure,http_status=403,false
Martin,elections,CivicPlus,2597,0,0,100.0,1,1,2026-08-24T08:39:34+00:00,2026-08-25T08:35:24+00:00,2026-08-25T08:35:24+00:00,2026-08-26T08:34:20+00:00,0.0,47.9,capture_failure,error=plain_fetch_error: ReadTimeout: The read operation timed out,true
Parker,elections,CivicPlus,1884,0,0,100.0,1,1,2026-08-24T08:39:34+00:00,2026-08-25T08:35:24+00:00,2026-08-25T08:35:24+00:00,2026-08-26T08:34:20+00:00,0.0,47.9,capture_failure,error=plain_fetch_error: ReadTimeout: The read operation timed out,true
Gregg,homepage,Other / unknown,3970,0,0,100.0,1,1,2026-08-25T08:35:24+00:00,2026-08-26T08:34:20+00:00,2026-08-26T08:34:20+00:00,2026-08-27T18:32:40+00:00,0.0,58.0,capture_failure,error=plain_fetch_error: ReadTimeout: The read operation timed out,false
Wichita,elections,WordPress,2580,3663,207,92.0,15,3,2026-08-26T08:34:20+00:00,2026-08-27T18:32:40+00:00,2026-09-10T12:29:54+00:00,2026-09-11T12:28:58+00:00,330.0,387.9,county_change,"200, no error, plausible body",false
Bexar,elections,CivicPlus,5377,2907,2907,45.9,6,3,2026-08-27T18:32:40+00:00,2026-08-28T19:45:54+00:00,2026-09-02T12:25:49+00:00,2026-09-03T12:22:41+00:00,112.7,161.8,county_change,"200, no error, plausible body",false
Williamson,homepage,CivicPlus,1474,2296,2077,-40.9,11,3,2026-08-27T18:32:40+00:00,2026-08-28T19:45:54+00:00,2026-09-07T13:48:44+00:00,2026-09-08T12:24:38+00:00,234.0,281.9,county_change,"200, no error, plausible body",false
Wichita,homepage,WordPress,2449,207,207,91.5,2,1,2026-08-28T19:45:54+00:00,2026-08-29T13:31:42+00:00,2026-08-30T13:27:54+00:00,2026-08-31T15:39:42+00:00,23.9,67.9,county_change,"200, no error, plausible body",true
Wichita,results,WordPress,2075,207,207,90.0,1,1,2026-08-29T13:31:42+00:00,2026-08-30T13:27:54+00:00,2026-08-30T13:27:54+00:00,2026-08-31T15:39:42+00:00,0.0,50.1,county_change,"200, no error, plausible body",true
Pecos,homepage,WordPress,2291,339,339,85.2,1,1,2026-09-02T12:25:49+00:00,2026-09-03T12:22:41+00:00,2026-09-03T12:22:41+00:00,2026-09-04T12:23:27+00:00,0.0,48.0,county_change,"200, no error, plausible body",false
Wichita,homepage,WordPress,2449,207,207,91.5,1,1,2026-09-02T12:25:49+00:00,2026-09-03T12:22:41+00:00,2026-09-03T12:22:41+00:00,2026-09-04T12:23:27+00:00,0.0,48.0,county_change,"200, no error, plausible body",false
Wichita,results,WordPress,2075,207,207,90.0,3,1,2026-09-02T12:25:49+00:00,2026-09-03T12:22:41+00:00,2026-09-05T11:32:03+00:00,2026-09-06T11:54:59+00:00,47.2,95.5,county_change,"200, no error, plausible body",true
Aransas,early_voting,ezTask Titanium (TAC),5790,0,0,100.0,1,1,2026-09-04T12:23:27+00:00,2026-09-05T11:32:03+00:00,2026-09-05T11:32:03+00:00,2026-09-06T11:54:59+00:00,0.0,47.5,capture_failure,http_status=503,true
Aransas,elections,ezTask Titanium (TAC),5438,0,0,100.0,1,1,2026-09-04T12:23:27+00:00,2026-09-05T11:32:03+00:00,2026-09-05T11:32:03+00:00,2026-09-06T11:54:59+00:00,0.0,47.5,capture_failure,http_status=503,true
Aransas,polling,ezTask Titanium (TAC),2760,0,0,100.0,1,1,2026-09-04T12:23:27+00:00,2026-09-05T11:32:03+00:00,2026-09-05T11:32:03+00:00,2026-09-06T11:54:59+00:00,0.0,47.5,capture_failure,http_status=503,true
Aransas,results,ezTask Titanium (TAC),2765,0,0,100.0,1,1,2026-09-04T12:23:27+00:00,2026-09-05T11:32:03+00:00,2026-09-05T11:32:03+00:00,2026-09-06T11:54:59+00:00,0.0,47.5,capture_failure,http_status=503,true
Calhoun,early_voting,WordPress,622,0,0,100.0,1,1,2026-09-05T11:32:03+00:00,2026-09-06T11:54:59+00:00,2026-09-06T11:54:59+00:00,2026-09-07T13:48:44+00:00,0.0,50.3,capture_failure,error=plain_fetch_error: ConnectTimeout: timed out,true
Calhoun,elections,WordPress,4061,0,0,100.0,1,1,2026-09-05T11:32:03+00:00,2026-09-06T11:54:59+00:00,2026-09-06T11:54:59+00:00,2026-09-07T13:48:44+00:00,0.0,50.3,capture_failure,error=plain_fetch_error: ConnectTimeout: timed out,true
Calhoun,homepage,WordPress,2599,0,0,100.0,1,1,2026-09-05T11:32:03+00:00,2026-09-06T11:54:59+00:00,2026-09-06T11:54:59+00:00,2026-09-07T13:48:44+00:00,0.0,50.3,capture_failure,error=plain_fetch_error: ConnectTimeout: timed out,true
Calhoun,polling,WordPress,776,0,0,100.0,1,1,2026-09-05T11:32:03+00:00,2026-09-06T11:54:59+00:00,2026-09-06T11:54:59+00:00,2026-09-07T13:48:44+00:00,0.0,50.3,capture_failure,error=plain_fetch_error: ConnectTimeout: timed out,true
Cameron,early_voting,WordPress,2070,839,839,59.5,1,1,2026-09-05T11:32:03+00:00,2026-09-06T11:54:59+00:00,2026-09-06T11:54:59+00:00,2026-09-07T13:48:44+00:00,0.0,50.3,capture_failure,http_status=403,true
Cameron,elections,WordPress,3058,819,819,73.2,1,1,2026-09-05T11:32:03+00:00,2026-09-06T11:54:59+00:00,2026-09-06T11:54:59+00:00,2026-09-07T13:48:44+00:00,0.0,50.3,capture_failure,http_status=403,false
Cameron,homepage,WordPress,3641,809,809,77.8,1,1,2026-09-05T11:32:03+00:00,2026-09-06T11:54:59+00:00,2026-09-06T11:54:59+00:00,2026-09-07T13:48:44+00:00,0.0,50.3,capture_failure,http_status=403,true
Cameron,polling,WordPress,2070,839,839,59.5,1,1,2026-09-05T11:32:03+00:00,2026-09-06T11:54:59+00:00,2026-09-06T11:54:59+00:00,2026-09-07T13:48:44+00:00,0.0,50.3,capture_failure,http_status=403,true
Cameron,results,WordPress,89320,823,823,99.1,1,1,2026-09-05T11:32:03+00:00,2026-09-06T11:54:59+00:00,2026-09-06T11:54:59+00:00,2026-09-07T13:48:44+00:00,0.0,50.3,capture_failure,http_status=403,true
Wichita,homepage,WordPress,2449,207,207,91.5,1,1,2026-09-05T11:32:03+00:00,2026-09-06T11:54:59+00:00,2026-09-06T11:54:59+00:00,2026-09-07T13:48:44+00:00,0.0,50.3,county_change,"200, no error, plausible body",true
Bosque,homepage,CivicPlus,1264,1787,1787,-41.4,2,1,2026-09-08T12:24:38+00:00,2026-09-09T12:36:51+00:00,2026-09-10T12:29:54+00:00,2026-09-11T12:28:58+00:00,23.9,72.1,county_change,"200, no error, plausible body",false
La Salle,early_voting,Joomla,3073,84,84,97.3,2,2,2026-09-08T12:24:38+00:00,2026-09-09T12:36:51+00:00,2026-09-10T12:29:54+00:00,2026-09-11T12:28:58+00:00,23.9,72.1,capture_failure,http_status=403,true
La Salle,elections,Joomla,4082,84,84,97.9,2,2,2026-09-08T12:24:38+00:00,2026-09-09T12:36:51+00:00,2026-09-10T12:29:54+00:00,2026-09-11T12:28:58+00:00,23.9,72.1,capture_failure,http_status=403,true
La Salle,homepage,Joomla,3741,84,84,97.8,2,2,2026-09-08T12:24:38+00:00,2026-09-09T12:36:51+00:00,2026-09-10T12:29:54+00:00,2026-09-11T12:28:58+00:00,23.9,72.1,capture_failure,http_status=403,false
La Salle,polling,Joomla,5692,84,84,98.5,2,2,2026-09-08T12:24:38+00:00,2026-09-09T12:36:51+00:00,2026-09-10T12:29:54+00:00,2026-09-11T12:28:58+00:00,23.9,72.1,capture_failure,http_status=403,true
La Salle,results,Joomla,2100,84,84,96.0,2,2,2026-09-08T12:24:38+00:00,2026-09-09T12:36:51+00:00,2026-09-10T12:29:54+00:00,2026-09-11T12:28:58+00:00,23.9,72.1,capture_failure,http_status=403,true
