county,batch,page_type,url,external,notes,verify_status,http_status,final_url,audit_confidence,audit_reason,flag_for_review
Anderson,2,voter_registration,,false,GAP: no distinct voter-registration page found,gap,,,,,
Andrews,2,voter_registration,https://www.co.andrews.tx.us/196/Register-to-Vote,false,"found via ""Register to Vote"" score=31",ok,200,https://www.co.andrews.tx.us/196/Register-to-Vote,,,
Angelina,2,voter_registration,,false,GAP: no distinct voter-registration page found,gap,,,,,
Aransas,2,voter_registration,,false,GAP: no distinct voter-registration page found,gap,,,,,
Archer,2,voter_registration,,false,GAP: no distinct voter-registration page found,gap,,,,,
Armstrong,2,voter_registration,,false,GAP: no distinct voter-registration page found,gap,,,,,
Atascosa,2,voter_registration,,false,GAP: no distinct voter-registration page found,gap,,,,,
Austin,2,voter_registration,,false,GAP: no distinct voter-registration page found,gap,,,,,
Bailey,2,voter_registration,,false,GAP: no reachable HTML registration page (Last Day to Register to Vote f -> application/vnd.open),gap,,,,,
Bandera,2,voter_registration,,false,GAP: no distinct voter-registration page found,gap,,,,,
Bastrop,2,voter_registration,https://www.bastropvotes.org/voter-information-2/voter-registration-information/,true,"found via ""Voter Registration Information"" score=30",ok,200,https://www.bastropvotes.org/voter-information-2/voter-registration-information/,,,
Baylor,2,voter_registration,,false,GAP: no distinct voter-registration page found,gap,,,,,
Bee,2,voter_registration,https://www.beecounty.gov/274/Voter-Registration,false,"found via ""Voter Registration"" score=32",ok,200,https://www.beecounty.gov/274/Voter-Registration,,,
Bell,1,voter_registration,,false,GAP: no reachable HTML registration page (voter_registration.php -> 404),gap,,,,,
Bexar,1,voter_registration,https://elections.bexar.gov/180/Register-to-Vote-Registration-Changes,true,"found via ""Register to Vote"" score=29",ok,200,https://elections.bexar.gov/180/Register-to-Vote-Registration-Changes,,,
Blanco,2,voter_registration,,false,GAP: no distinct voter-registration page found,gap,,,,,
Borden,2,voter_registration,,false,GAP: no distinct voter-registration page found,gap,,,,,
Bosque,2,voter_registration,,false,GAP: no distinct voter-registration page found,gap,,,,,
Bowie,2,voter_registration,,false,GAP: no distinct voter-registration page found,gap,,,,,
Brazoria,2,voter_registration,https://www.brazoriacountyclerktx.gov/departments/elections/voter-registration,true,"found via ""Voter Registration"" score=30",ok,200,https://www.brazoriacountyclerktx.gov/departments/elections/voter-registration,,,
Brazos,2,voter_registration,https://elections.brazoscountytx.gov/register-to-vote/,false,"found via ""how to register"" score=37",ok,200,https://elections.brazoscountytx.gov/register-to-vote/,,,
Brewster,1,voter_registration,https://www.brewstercounty.gov/page/Election.Voter%20Registration%20and%20Information,false,"found via ""Voter Registration and Information"" score=20 [after 2 rejected]",ok,200,https://www.brewstercounty.gov/page/Election.Voter%20Registration%20and%20Information,,,
Briscoe,2,voter_registration,,false,GAP: no distinct voter-registration page found,gap,,,,,
Brooks,2,voter_registration,,false,GAP: no distinct voter-registration page found,gap,,,,,
Brown,2,voter_registration,,false,GAP: no distinct voter-registration page found,gap,,,,,
Burleson,2,voter_registration,,false,GAP: no reachable HTML registration page (gov.county.clerk -> page not about registering voters),gap,,,,,
Burnet,2,voter_registration,https://www.burnetcountytexas.org/1334/Voter-Registration,false,"found via ""Voter Registration"" score=32",ok,200,https://www.burnetcountytexas.org/1334/Voter-Registration,,,
Caldwell,2,voter_registration,https://www.co.caldwell.tx.us/page/Elections.Voters,false,"found via ""Register to Vote | Update Voter Informat"" score=19",ok,200,https://www.co.caldwell.tx.us/page/Elections.Voters,,,
Calhoun,2,voter_registration,,false,GAP: no distinct voter-registration page found,gap,,,,,
Callahan,2,voter_registration,,false,GAP: no distinct voter-registration page found,gap,,,,,
Cameron,2,voter_registration,https://www.cameroncountytx.gov/elections/index.php/register-to-vote/,false,"found via ""Voter Registration"" score=41",ok,200,https://www.cameroncountytx.gov/elections/index.php/register-to-vote/,,,
Camp,2,voter_registration,,false,GAP: no distinct voter-registration page found,gap,,,,,
Carson,2,voter_registration,,false,GAP: no distinct voter-registration page found,gap,,,,,
Cass,2,voter_registration,,false,GAP: no distinct voter-registration page found,gap,,,,,
Castro,2,voter_registration,,false,GAP: no distinct voter-registration page found,gap,,,,,
Chambers,2,voter_registration,https://www.chamberscountytx.gov/335/Register-to-Vote,false,"found via ""Register to Vote"" score=31",ok,200,https://www.chamberscountytx.gov/335/Register-to-Vote,,,
Cherokee,2,voter_registration,,false,GAP: no reachable HTML registration page (registered-nurse-rn -> another county's site; nursing-rn-programs -> another county's site),gap,,,,,
Childress,2,voter_registration,,false,GAP: no distinct voter-registration page found,gap,,,,,
Clay,2,voter_registration,,false,GAP: no distinct voter-registration page found,gap,,,,,
Cochran,2,voter_registration,,false,GAP: no distinct voter-registration page found,gap,,,,,
Coke,2,voter_registration,,false,GAP: no distinct voter-registration page found,gap,,,,,
Coleman,2,voter_registration,https://www.colemancounty.gov/page/Elections.VoterRegistration,true,"found via ""Register to Vote"" score=32",ok,200,https://www.colemancounty.gov/page/Elections.VoterRegistration,,,
Collin,1,voter_registration,https://www.collincountytx.gov/elections/voter-registration-information,false,"found via ""Voter Registration Information"" score=32",ok,200,https://www.collincountytx.gov/elections/voter-registration-information,,,
Collingsworth,2,voter_registration,,false,GAP: no distinct voter-registration page found,gap,,,,,
Colorado,2,voter_registration,https://www.co.colorado.tx.us/page/Colorado.Elections_Registration,false,"found via ""Registration"" score=18",ok,200,https://www.co.colorado.tx.us/page/Colorado.Elections_Registration,,,
Comal,2,voter_registration,,false,GAP: no distinct voter-registration page found,gap,,,,,
Comanche,2,voter_registration,,false,GAP: no distinct voter-registration page found,gap,,,,,
Concho,2,voter_registration,,false,GAP: no distinct voter-registration page found,gap,,,,,
Cooke,2,voter_registration,,false,GAP: no reachable HTML registration page (voter-registration-by-state -> 404; terms -> 404; moving -> 404),gap,,,,,
Coryell,2,voter_registration,,false,GAP: no distinct voter-registration page found,gap,,,,,
Cottle,2,voter_registration,,false,GAP: no distinct voter-registration page found,gap,,,,,
Crane,2,voter_registration,,false,GAP: no distinct voter-registration page found,gap,,,,,
Crockett,2,voter_registration,,false,GAP: no distinct voter-registration page found,gap,,,,,
Crosby,2,voter_registration,,false,GAP: no distinct voter-registration page found,gap,,,,,
Culberson,2,voter_registration,,false,GAP: no distinct voter-registration page found,gap,,,,,
Dallam,2,voter_registration,,false,GAP: no distinct voter-registration page found,gap,,,,,
Dallas,1,voter_registration,https://www.dallascountyvotes.org/voters/registration/register/,true,"found via ""Register to Vote"" score=32",ok,200,https://www.dallascountyvotes.org/voters/registration/register/,,,
Dawson,2,voter_registration,,false,GAP: no distinct voter-registration page found,gap,,,,,
DeWitt,2,voter_registration,,false,GAP: no reachable HTML registration page (WWW.TXDMV.GOV -> 403; dewitt.CheckRegister -> page not about registering voters),gap,,,,,
Deaf Smith,2,voter_registration,,false,GAP: no distinct voter-registration page found,gap,,,,,
Delta,2,voter_registration,https://www.deltacountytx.com/tax-assessor-collector/page/voter-registration,false,"found via ""Voter Registration"" score=32",ok,200,https://www.deltacountytx.com/tax-assessor-collector/page/voter-registration,,,
Denton,2,voter_registration,https://www.votedenton.gov/voter-information/voter-registration/,true,"found via ""Voter Registration"" score=30 [after 1 rejected]",ok,200,https://www.votedenton.gov/voter-information/voter-registration/,,,
Dickens,2,voter_registration,,false,GAP: no distinct voter-registration page found,gap,,,,,
Dimmit,2,voter_registration,,false,GAP: no distinct voter-registration page found,gap,,,,,
Donley,2,voter_registration,,false,GAP: no distinct voter-registration page found,gap,,,,,
Duval,2,voter_registration,,false,GAP: no reachable HTML registration page (defaultSF.htm -> 404),gap,,,,,
Eastland,2,voter_registration,,false,GAP: no reachable HTML registration page (English-Voter-Registration-App -> application/pdf; Spanish-Voter-Registration-App -> application/pdf),gap,,,,,
Ector,2,voter_registration,,false,GAP: no reachable HTML registration page (Registration-deadline-PDF -> application/pdf; REGISTRATION-DEADLINE-PDF -> application/pdf; Registration-Deadline-PDF -> application/pdf),gap,,,,,
Edwards,2,voter_registration,,false,GAP: no distinct voter-registration page found,gap,,,,,
El Paso,1,voter_registration,https://epcountyvotestx.gov/voter-information/voter-registration,true,"found via ""Voter Registration"" score=30",ok,200,https://epcountyvotestx.gov/voter-information/voter-registration,,,
Ellis,2,voter_registration,http://www.elliscountytx.gov/740/Voter-Registration-Information,false,"found via ""Voter Registration Information"" score=32",ok,200,http://www.elliscountytx.gov/740/Voter-Registration-Information,,,
Erath,2,voter_registration,https://www.co.erath.tx.us/185/Voter-Registration,false,"found via ""Voter Registration"" score=32",ok,200,https://www.co.erath.tx.us/185/Voter-Registration,,,
Falls,2,voter_registration,,false,GAP: no distinct voter-registration page found,gap,,,,,
Fannin,2,voter_registration,,false,GAP: no distinct voter-registration page found,gap,,,,,
Fayette,2,voter_registration,,false,GAP: no distinct voter-registration page found,gap,,,,,
Fisher,2,voter_registration,,false,GAP: no distinct voter-registration page found,gap,,,,,
Floyd,2,voter_registration,,false,GAP: no distinct voter-registration page found,gap,,,,,
Foard,2,voter_registration,,false,GAP: no distinct voter-registration page found,gap,,,,,
Fort Bend,2,voter_registration,https://www.fortbendcountytx.gov/government/departments/elections-voter-registration/voter-registration,false,"found via ""Voter Registration"" score=32",ok,200,https://www.fortbendcountytx.gov/government/departments/elections-voter-registration/voter-registration,,,
Franklin,2,voter_registration,https://www.co.franklin.tx.us/page/franklin.VoterRegistration,false,"found via ""Voter Registration"" score=32",ok,200,https://www.co.franklin.tx.us/page/franklin.VoterRegistration,,,
Freestone,2,voter_registration,,false,GAP: no distinct voter-registration page found,gap,,,,,
Frio,2,voter_registration,,false,GAP: no reachable HTML registration page (Frio Voter.JPG -> image/jpeg),gap,,,,,
Gaines,2,voter_registration,,false,GAP: no distinct voter-registration page found,gap,,,,,
Galveston,1,voter_registration,https://galvestonvotes.org/voter-registration/,true,"found via ""Voter Registration"" score=30 [after 1 rejected]",ok,200,https://galvestonvotes.org/voter-registration/,,,
Garza,2,voter_registration,,false,GAP: no distinct voter-registration page found,gap,,,,,
Gillespie,1,voter_registration,https://www.gillespiecounty.gov/1321/Voter-Registration-Information,false,"found via ""Voter Registration Information"" score=32",ok,200,https://www.gillespiecounty.gov/1321/Voter-Registration-Information,,,
Glasscock,2,voter_registration,https://www.co.glasscock.tx.us/page/Elections,false,"found via ""Register to Vote"" score=31",ok,200,https://www.co.glasscock.tx.us/page/Elections,,,
Goliad,2,voter_registration,,false,GAP: no distinct voter-registration page found,gap,,,,,
Gonzales,2,voter_registration,,false,GAP: no distinct voter-registration page found,gap,,,,,
Gray,2,voter_registration,,false,GAP: no distinct voter-registration page found,gap,,,,,
Grayson,2,voter_registration,https://www.co.grayson.tx.us/page/vote.home,false,"found via ""Voter Information / Registration"" score=6 (weak match — review)",ok,200,https://www.co.grayson.tx.us/page/vote.home,,,weak-score
Gregg,2,voter_registration,https://greggcountyvotes.gov/register-to-vote/,true,"found via ""Register to Vote"" score=29",ok,200,https://greggcountyvotes.gov/register-to-vote/,,,
Grimes,2,voter_registration,,false,GAP: no distinct voter-registration page found,gap,,,,,
Guadalupe,2,voter_registration,https://www.guadalupetx.gov/page/elections.voter_registration,true,"found via ""Register to vote"" score=39",ok,200,https://www.guadalupetx.gov/page/elections.voter_registration,,,
Hale,2,voter_registration,,false,GAP: no distinct voter-registration page found,gap,,,,,
Hall,2,voter_registration,,false,GAP: no distinct voter-registration page found,gap,,,,,
Hamilton,2,voter_registration,,false,GAP: no distinct voter-registration page found,gap,,,,,
Hansford,2,voter_registration,,false,GAP: no distinct voter-registration page found,gap,,,,,
Hardeman,2,voter_registration,,false,GAP: no distinct voter-registration page found,gap,,,,,
Hardin,2,voter_registration,,false,GAP: no distinct voter-registration page found,gap,,,,,
Harris,1,voter_registration,https://www.hctax.net/Voter/Registration,true,"found via ""Register to Vote"" score=39",ok,200,https://www.hctax.net/Voter/Registration,,,
Harrison,2,voter_registration,,false,GAP: no distinct voter-registration page found,gap,,,,,
Hartley,1,voter_registration,,false,GAP: no reachable HTML registration page (voter-registration-by-state -> 404; terms -> 404; moving -> 404),gap,,,,,
Haskell,2,voter_registration,,false,GAP: no distinct voter-registration page found,gap,,,,,
Hays,2,voter_registration,https://www.hayscountytx.gov/265/Voter-Registration,false,"found via ""Voter Registration"" score=32",ok,200,https://www.hayscountytx.gov/265/Voter-Registration,,,
Hemphill,2,voter_registration,,false,GAP: no reachable HTML registration page (change-voter-registration -> 404; terms -> 404; moving -> 404),gap,,,,,
Henderson,2,voter_registration,https://www.henderson-county.com/221/Elections-Voter-Registration,false,"found via ""Voter Registration"" score=32",ok,200,https://www.henderson-county.com/221/Elections-Voter-Registration,,,
Hidalgo,1,voter_registration,https://www.hidalgocounty.us/m/faq?cat=46,false,"found via ""When can I register to Vote?"" score=9 (weak match — review) [after 1 rejected]",ok,200,https://www.hidalgocounty.us/m/faq?cat=46#question-197,,,weak-score
Hill,2,voter_registration,,false,GAP: no distinct voter-registration page found,gap,,,,,
Hockley,2,voter_registration,,false,GAP: no distinct voter-registration page found,gap,,,,,
Hood,2,voter_registration,https://hoodcounty.texas.gov/departments/elections_administration/voter_registration.php,false,"found via ""Voter Registration"" score=32 [after 1 rejected]",ok,200,https://hoodcounty.texas.gov/departments/elections_administration/voter_registration.php,,,
Hopkins,3,voter_registration,,false,GAP: no distinct voter-registration page found,gap,,,,,
Houston,3,voter_registration,,false,GAP: no distinct voter-registration page found,gap,,,,,
Howard,3,voter_registration,https://www.co.howard.tx.us/1242/Voter-Registration,false,"found via ""Voter Registration"" score=32",ok,200,https://www.co.howard.tx.us/1242/Voter-Registration,,,
Hudspeth,3,voter_registration,,false,GAP: no distinct voter-registration page found,gap,,,,,
Hunt,3,voter_registration,https://www.huntcounty.net/page/electionreginfo,false,"found via ""Voter Registration Information"" score=32",ok,200,https://www.huntcounty.net/page/electionreginfo,,,
Hutchinson,3,voter_registration,,false,GAP: no distinct voter-registration page found,gap,,,,,
Irion,3,voter_registration,,false,GAP: no distinct voter-registration page found,gap,,,,,
Jack,3,voter_registration,,false,GAP: no distinct voter-registration page found,gap,,,,,
Jackson,3,voter_registration,,false,GAP: no distinct voter-registration page found,gap,,,,,
Jasper,3,voter_registration,,false,GAP: no distinct voter-registration page found,gap,,,,,
Jeff Davis,3,voter_registration,,false,GAP: no distinct voter-registration page found,gap,,,,,
Jefferson,3,voter_registration,https://www.jeffcotxvotes.gov/voter-registration/voter-registration/ways-to-submit-your-voter-registration-application/,true,"found via ""Voter Registration Application"" score=41",ok,200,https://www.jeffcotxvotes.gov/voter-registration/voter-registration/ways-to-submit-your-voter-registration-application/,,,
Jim Hogg,3,voter_registration,,false,GAP: no distinct voter-registration page found,gap,,,,,
Jim Wells,3,voter_registration,,false,GAP: folded into the elections page,gap,,,,,
Johnson,3,voter_registration,https://www.johnsoncountytx.org/departments/elections-office/register-to-vote,false,"found via ""Register to Vote"" score=31",ok,200,https://www.johnsoncountytx.org/departments/elections-office/register-to-vote,,,
Jones,3,voter_registration,,false,GAP: no distinct voter-registration page found,gap,,,,,
Karnes,3,voter_registration,,false,GAP: no distinct voter-registration page found,gap,,,,,
Kaufman,3,voter_registration,https://www.kaufmancounty.net/238/REGISTER-TO-VOTE,false,"found via ""REGISTER TO VOTE"" score=31",ok,200,https://www.kaufmancounty.net/238/REGISTER-TO-VOTE,,,
Kendall,3,voter_registration,https://www.kendallcountytx.gov/232/Voter-Registration,false,"found via ""Voter Registration"" score=32",ok,200,https://www.kendallcountytx.gov/232/Voter-Registration,,,
Kenedy,1,voter_registration,https://kenedycountyelections.com/register-to-vote/,true,"found via ""Register to Vote or Update your Voter Re"" score=37",ok,200,https://kenedycountyelections.com/register-to-vote/,,,
Kent,3,voter_registration,,false,GAP: no distinct voter-registration page found,gap,,,,,
Kerr,1,voter_registration,https://kerrcountytx.gov/voting-in-kerr-county/kerr-county-voter-registration-and-information,false,"found via ""See More Information >>"" score=10 (weak match — review)",ok,200,https://kerrcountytx.gov/voting-in-kerr-county/kerr-county-voter-registration-and-information,,,weak-score
Kimble,3,voter_registration,,false,GAP: no distinct voter-registration page found,gap,,,,,
King,1,voter_registration,,false,GAP: no distinct voter-registration page found,gap,,,,,
Kinney,3,voter_registration,,false,GAP: no distinct voter-registration page found,gap,,,,,
Kleberg,3,voter_registration,,false,GAP: no distinct voter-registration page found,gap,,,,,
Knox,3,voter_registration,,false,GAP: no distinct voter-registration page found,gap,,,,,
La Salle,3,voter_registration,,false,GAP: no distinct voter-registration page found,gap,,,,,
Lamar,3,voter_registration,,false,GAP: no reachable HTML registration page (Voter-Registration-Certificate -> application/pdf),gap,,,,,
Lamb,3,voter_registration,https://www.co.lamb.tx.us/page/ElectionsHome,false,"found via ""Register to Vote"" score=31",ok,200,https://www.co.lamb.tx.us/page/ElectionsHome,,,
Lampasas,3,voter_registration,https://www.co.lampasas.tx.us/page/Voter%20Registration,false,"found via ""How Do I Register to Vote?"" score=29",ok,200,https://www.co.lampasas.tx.us/page/Voter%20Registration,,,
Lavaca,3,voter_registration,,false,GAP: no distinct voter-registration page found,gap,,,,,
Lee,3,voter_registration,,false,GAP: no distinct voter-registration page found,gap,,,,,
Leon,3,voter_registration,,false,GAP: no distinct voter-registration page found,gap,,,,,
Liberty,3,voter_registration,https://www.co.liberty.tx.us/page/liberty.elections.register,false,"found via ""REGISTER TO VOTE"" score=31",ok,200,https://www.co.liberty.tx.us/page/liberty.elections.register,,,
Limestone,3,voter_registration,,false,GAP: no distinct voter-registration page found,gap,,,,,
Lipscomb,3,voter_registration,,false,GAP: no distinct voter-registration page found,gap,,,,,
Live Oak,3,voter_registration,https://www.co.live-oak.tx.us/page/liveoak.Voter.Registration,false,"found via ""Voter Registration"" score=32",ok,200,https://www.co.live-oak.tx.us/page/liveoak.Voter.Registration,,,
Llano,1,voter_registration,,false,GAP: no distinct voter-registration page found,gap,,,,,
Loving,1,voter_registration,,false,GAP: no distinct voter-registration page found,gap,,,,,
Lubbock,1,voter_registration,https://votelubbock.gov/voting-information/register-to-vote/,true,"found via ""Register To Vote"" score=29",ok,200,https://votelubbock.gov/voting-information/register-to-vote/,,,
Lynn,3,voter_registration,,false,GAP: no distinct voter-registration page found,gap,,,,,
Madison,3,voter_registration,,false,GAP: no distinct voter-registration page found,gap,,,,,
Marion,3,voter_registration,,false,GAP: no distinct voter-registration page found,gap,,,,,
Martin,3,voter_registration,,false,GAP: no distinct voter-registration page found,gap,,,,,
Mason,3,voter_registration,,false,GAP: no distinct voter-registration page found,gap,,,,,
Matagorda,3,voter_registration,,false,GAP: no distinct voter-registration page found,gap,,,,,
Maverick,3,voter_registration,,false,GAP: no distinct voter-registration page found,gap,,,,,
McCulloch,3,voter_registration,,false,GAP: no distinct voter-registration page found,gap,,,,,
McLennan,3,voter_registration,https://www.mclennan.gov/384/Voter-Registration,false,"found via ""Voter Registration"" score=32",ok,200,https://www.mclennan.gov/384/Voter-Registration,,,
McMullen,3,voter_registration,,false,GAP: could not crawl — homepage blocked/unreachable (HTTP 403),gap,,,,,
Medina,1,voter_registration,,false,GAP: no distinct voter-registration page found,gap,,,,,
Menard,3,voter_registration,,false,GAP: no distinct voter-registration page found,gap,,,,,
Midland,3,voter_registration,https://votemidlandtx.gov/voter-information/voter-registration-sites/,true,"found via ""Voter Registration Sites"" score=18",ok,200,https://votemidlandtx.gov/voter-information/voter-registration-sites/,,,
Milam,3,voter_registration,https://www.milamcounty.net/departments/elections_and_voter_registrar/register_to_vote_here.php,false,"found via ""Register to Vote Here"" score=25 [after 1 rejected]",ok,200,https://www.milamcounty.net/departments/elections_and_voter_registrar/register_to_vote_here.php,,,
Mills,3,voter_registration,,false,GAP: no distinct voter-registration page found,gap,,,,,
Mitchell,3,voter_registration,,false,GAP: no distinct voter-registration page found,gap,,,,,
Montague,3,voter_registration,https://www.co.montague.tx.us/page/montague.RegistertoVote,false,"found via ""Register To Vote"" score=31",ok,200,https://www.co.montague.tx.us/page/montague.RegistertoVote,,,
Montgomery,3,voter_registration,https://elections.mctx.org/vapp.asp,false,"found via ""Register to Vote"" score=31",ok,200,https://elections.mctx.org/vapp.asp,,,
Moore,3,voter_registration,,false,GAP: no distinct voter-registration page found,gap,,,,,
Morris,3,voter_registration,,false,GAP: no distinct voter-registration page found,gap,,,,,
Motley,3,voter_registration,,false,GAP: no distinct voter-registration page found,gap,,,,,
Nacogdoches,3,voter_registration,,false,GAP: no distinct voter-registration page found,gap,,,,,
Navarro,3,voter_registration,,false,GAP: no distinct voter-registration page found,gap,,,,,
Newton,3,voter_registration,,false,GAP: no distinct voter-registration page found,gap,,,,,
Nolan,3,voter_registration,,false,GAP: no distinct voter-registration page found,gap,,,,,
Nueces,3,voter_registration,https://www.nuecesco.com/county-services/tax-assessor-collector/voter-registration/register-to-vote,false,"found via ""Register To Vote"" score=41",ok,200,https://www.nuecesco.com/county-services/tax-assessor-collector/voter-registration/register-to-vote,,,
Ochiltree,3,voter_registration,,false,GAP: no distinct voter-registration page found,gap,,,,,
Oldham,3,voter_registration,,false,GAP: no distinct voter-registration page found,gap,,,,,
Orange,3,voter_registration,,false,GAP: no distinct voter-registration page found,gap,,,,,
Palo Pinto,3,voter_registration,,false,GAP: no reachable HTML registration page (Elections.VR -> 403),gap,,,,,
Panola,3,voter_registration,,false,GAP: no reachable HTML registration page (Voter-Registration-Application -> application/pdf),gap,,,,,
Parker,3,voter_registration,,false,GAP: no distinct voter-registration page found,gap,,,,,
Parmer,3,voter_registration,,false,GAP: no distinct voter-registration page found,gap,,,,,
Pecos,3,voter_registration,,false,GAP: no distinct voter-registration page found,gap,,,,,
Polk,3,voter_registration,https://www.polktx.gov/386/Voter-Registration,false,"found via ""Voter Registration"" score=32",ok,200,https://www.polktx.gov/386/Voter-Registration,,,
Potter,3,voter_registration,https://www.pottercountytexasvotes.gov/register-to-vote,true,"found via ""Voter Registration Information"" score=39",ok,200,https://www.pottercountytexasvotes.gov/register-to-vote,,,
Presidio,1,voter_registration,,false,GAP: no distinct voter-registration page found,gap,,,,,
Rains,3,voter_registration,,false,GAP: no distinct voter-registration page found,gap,,,,,
Randall,3,voter_registration,https://www.randallcounty.gov/173/Register-to-Vote,false,"found via ""Register to Vote"" score=31",ok,200,https://www.randallcounty.gov/173/Register-to-Vote,,,
Reagan,3,voter_registration,,false,GAP: no distinct voter-registration page found,gap,,,,,
Real,3,voter_registration,,false,GAP: no distinct voter-registration page found,gap,,,,,
Red River,3,voter_registration,,false,GAP: no distinct voter-registration page found,gap,,,,,
Reeves,3,voter_registration,https://www.reevescounty.org/departments/elections/voter-registration,false,"found via ""REGISTER TO VOTE"" score=41",ok,200,https://www.reevescounty.org/departments/elections/voter-registration,,,
Refugio,3,voter_registration,https://www.co.refugio.tx.us/page/refugio.Elections.VoterReg,false,"found via ""Voter Registration"" score=32",ok,200,https://www.co.refugio.tx.us/page/refugio.Elections.VoterReg,,,
Roberts,1,voter_registration,,false,GAP: no distinct voter-registration page found,gap,,,,,
Robertson,3,voter_registration,,false,GAP: no distinct voter-registration page found,gap,,,,,
Rockwall,3,voter_registration,https://www.rockwallvotes.com/voter-information/voter-registration/,true,"found via ""Voter Registration"" score=30",ok,200,https://www.rockwallvotes.com/voter-information/voter-registration/,,,
Runnels,3,voter_registration,,false,GAP: no distinct voter-registration page found,gap,,,,,
Rusk,3,voter_registration,https://www.ruskcountytx.gov/page/Elections,false,"found via ""Register to Vote"" score=31",ok,200,https://www.ruskcountytx.gov/page/Elections,,,
Sabine,3,voter_registration,https://www.co.sabine.tx.us/page/sabine.Elections%20Voter%20Registration,false,"found via ""Voter Registration"" score=32",ok,200,https://www.co.sabine.tx.us/page/sabine.Elections%20Voter%20Registration,,,
San Augustine,3,voter_registration,,false,GAP: no distinct voter-registration page found,gap,,,,,
San Jacinto,3,voter_registration,,false,GAP: no distinct voter-registration page found,gap,,,,,
San Patricio,3,voter_registration,,false,GAP: no distinct voter-registration page found,gap,,,,,
San Saba,3,voter_registration,,false,GAP: no distinct voter-registration page found,gap,,,,,
Schleicher,3,voter_registration,,false,GAP: no reachable HTML registration page (Renew -> another county's site),gap,,,,,
Scurry,3,voter_registration,https://www.co.scurry.tx.us/page/elections.voter.registration,false,"found via ""Voter Registration"" score=32",ok,200,https://www.co.scurry.tx.us/page/elections.voter.registration,,,
Shackelford,3,voter_registration,https://www.shackelfordcounty.org/page/shackelford.Tax.Assessor,false,"found via ""Register to Vote Information"" score=19",ok,200,https://www.shackelfordcounty.org/page/shackelford.Tax.Assessor,,,
Shelby,3,voter_registration,,false,GAP: no distinct voter-registration page found,gap,,,,,
Sherman,3,voter_registration,,false,GAP: no distinct voter-registration page found,gap,,,,,
Smith,3,voter_registration,,false,GAP: no distinct voter-registration page found,gap,,,,,
Somervell,3,voter_registration,,false,GAP: no distinct voter-registration page found,gap,,,,,
Starr,3,voter_registration,,false,GAP: no reachable HTML registration page (Registration -> another county's site; Registration -> another county's site; OnlineRegistration -> another county's site),gap,,,,,
Stephens,3,voter_registration,,false,GAP: no reachable HTML registration page (?id=112282 -> page not about registering voters),gap,,,,,
Sterling,3,voter_registration,,false,GAP: no distinct voter-registration page found,gap,,,,,
Stonewall,3,voter_registration,,false,GAP: no distinct voter-registration page found,gap,,,,,
Sutton,3,voter_registration,,false,GAP: no distinct voter-registration page found,gap,,,,,
Swisher,3,voter_registration,,false,GAP: no distinct voter-registration page found,gap,,,,,
Tarrant,1,voter_registration,https://www.tarrantcountytx.gov/en/elections/register-to-vote.html,false,"found via ""Register to Vote"" score=31",ok,200,https://www.tarrantcountytx.gov/en/elections/register-to-vote.html,,,
Taylor,3,voter_registration,https://taylorcounty.texas.gov/213/Registering-to-Vote,false,"found via ""Registering to Vote"" score=17",ok,200,https://taylorcounty.texas.gov/213/Registering-to-Vote,,,
Terrell,3,voter_registration,,false,GAP: no distinct voter-registration page found,gap,,,,,
Terry,3,voter_registration,,false,GAP: no distinct voter-registration page found,gap,,,,,
Throckmorton,3,voter_registration,,false,GAP: no distinct voter-registration page found,gap,,,,,
Titus,3,voter_registration,https://www.co.titus.tx.us/page/elections.voterregistration,false,"found via ""Voter Registration"" score=32",ok,200,https://www.co.titus.tx.us/page/elections.voterregistration,,,
Tom Green,3,voter_registration,https://www.tomgreencountytx.gov/page/ele.VoterRegistration,false,"found via ""Voter Registration/Registro de Electores"" score=20",ok,200,https://www.tomgreencountytx.gov/page/ele.VoterRegistration,,,
Travis,1,voter_registration,https://tax-office.traviscountytx.gov/voters,false,"found via ""Voter Registration"" score=32",ok,200,https://tax-office.traviscountytx.gov/voters,,,
Trinity,3,voter_registration,,false,GAP: no distinct voter-registration page found,gap,,,,,
Tyler,3,voter_registration,,false,GAP: no distinct voter-registration page found,gap,,,,,
Upshur,3,voter_registration,https://www.countyofupshur.com/page/voter_registration,false,"found via ""Register to Vote"" score=41",ok,200,https://www.countyofupshur.com/page/voter_registration,,,
Upton,3,voter_registration,,false,GAP: no reachable HTML registration page (HjbtNLKrZw4dwJkF6 -> page not about registering voters; txdmv.gov -> another county's site),gap,,,,,
Uvalde,3,voter_registration,,false,GAP: no distinct voter-registration page found,gap,,,,,
Val Verde,3,voter_registration,,false,GAP: no distinct voter-registration page found,gap,,,,,
Van Zandt,3,voter_registration,,false,GAP: no reachable HTML registration page (Elections-Voter-Registration -> another county's site; elections-voter-registration -> 404; vanzandt.AccPayableRegister -> page not about registering voters),gap,,,,,
Victoria,3,voter_registration,https://www.vctx.org/page/elections.registration,false,"found via ""Voter Registration"" score=32",ok,200,https://www.vctx.org/page/elections.registration,,,
Walker,3,voter_registration,https://www.co.walker.tx.us/department/division.php?structureid=251,false,"found via ""Interested in becoming a Deputy Voter Re"" score=12 [after 2 rejected]",ok,200,https://www.co.walker.tx.us/department/division.php?structureid=251,,,
Waller,3,voter_registration,https://www.co.waller.tx.us/page/Elections.VoterRegistration,false,"found via ""Voter Registration"" score=32",ok,200,https://www.co.waller.tx.us/page/Elections.VoterRegistration,,,
Ward,3,voter_registration,,false,GAP: no distinct voter-registration page found,gap,,,,,
Washington,3,voter_registration,,false,GAP: no distinct voter-registration page found,gap,,,,,
Webb,1,voter_registration,https://www.webbcountytx.gov/705/Register-to-Vote-Address-Name-Change,false,"found via ""Register to Vote / Address / Name Change"" score=19",ok,200,https://www.webbcountytx.gov/705/Register-to-Vote-Address-Name-Change,,,
Wharton,3,voter_registration,,false,GAP: no distinct voter-registration page found,gap,,,,,
Wheeler,3,voter_registration,,false,GAP: no distinct voter-registration page found,gap,,,,,
Wichita,3,voter_registration,,false,GAP: no distinct voter-registration page found,gap,,,,,
Wilbarger,3,voter_registration,,false,GAP: folded into the homepage page,gap,,,,,
Willacy,3,voter_registration,,false,GAP: no distinct voter-registration page found,gap,,,,,
Williamson,1,voter_registration,https://www.wilcotx.gov/294/Voter-Registration,false,"found via ""Voter Registration"" score=32",ok,200,https://www.wilcotx.gov/294/Voter-Registration,,,
Wilson,3,voter_registration,https://www.co.wilson.tx.us/page/wilson.Voter.Registrar,false,"found via ""Voter Registrar"" score=24",ok,200,https://www.co.wilson.tx.us/page/wilson.Voter.Registrar,,,
Winkler,3,voter_registration,,false,GAP: no reachable HTML registration page (Instructions%20Voter%20Registr -> image/jpeg),gap,,,,,
Wise,3,voter_registration,,false,GAP: no reachable HTML registration page (Deputy-Voter-Registrar-Trainin -> application/pdf),gap,,,,,
Wood,3,voter_registration,,false,GAP: folded into the elections page,gap,,,,,
Yoakum,3,voter_registration,,false,GAP: no distinct voter-registration page found,gap,,,,,
Young,3,voter_registration,,false,GAP: no distinct voter-registration page found,gap,,,,,
Zapata,3,voter_registration,,false,GAP: no distinct voter-registration page found,gap,,,,,
Zavala,3,voter_registration,,false,GAP: no distinct voter-registration page found,gap,,,,,
